,video_id,video_title,upload_date,view_count,like_count,comment_count
0,CQPLo8hECWg,Twice Baked Potatoes -- How to Make Fancy Stuffed Potatoes,2012-12-15,4194422,47208,1950
1,TsrTU3CJn2c,Irish Shepherd's Pie - Classic Shepherd Pie for St. Patrick's Day,2012-03-05,2730601,44227,2843
2,wRtGM3f-UBc,How to Flip Food in a Pan Like a Chef!,2012-10-04,2764300,17836,1383
3,QGAJokcwBXI,Garlic Shrimp Recipe - Quick & Easy Garlic Shrimp,2012-02-17,5094363,55387,1904
4,ME9CM0zqubg,Rosemary & Honey Pull-Apart Dinner Rolls - Holiday Dinner Rolls Recipe,2012-12-11,606245,10940,599
5,pYhiIrlXY7I,Hash Browns - Hash Browned Potato Recipe - Classic Breakfast Potatoes,2012-03-01,2198124,34812,2023
6,fP45d9xxNt0,Banana Bread Recipe - Chocolate Banana Nut Loaf,2012-01-06,881425,16767,1032
7,S4z2gmtUzHE,"Drunken Mussels Recipe - Mussels Steamed in a Garlic, Lemon & Wine Broth",2012-05-21,2224430,27334,1303
8,rYm2hHaN2i0,Roasted Chicken Broth Recipe - Part 1 of How to Make Chicken Noodle Soup,2012-02-22,389670,4512,364
9,dKtySwuIZec,Chicken & Dumplings - Stewed Chicken with Thyme Creme Fraiche Dumplings,2012-05-29,976791,21267,1025
10,PgO4emPuW9U,Turkey Wing Gravy Recipe -- Make Ahead Turkey Gravy for Thanksgiving,2012-11-05,384359,8061,504
11,Ptauy20rLjg,American French Onion Soup Recipe - How to Make Onion Soup,2012-04-24,1792002,25260,1524
12,MNj1IG9EAZE,Apple Cider Glazed Pork Chops - Boneless Pork Chops with Apple Cider Reduction Sauce,2012-10-08,561883,8449,605
13,JZ5VJNJNfSQ,Best Pumpkin Pie Ever - Classic Thanksgiving Pumpkin Pie - Ultimate Thanksgiving Pies,2012-11-13,2715556,56712,2712
14,55MIeoPaBC4,Swedish Meatballs Recipe -- Beef & Pork Meatballs with Creamy Brown Gravy,2012-11-29,3009215,46574,3176
15,Ml6GGWqRlSA,Chicken Parmesan Casserole 2012 - Easy Chicken Parm Bake,2012-03-14,854398,18268,747
16,vzyzlkouXsM,Patatas Bravas -- Crispy Potatoes with Spicy Garlic & Chili Aioli,2012-11-30,2752288,73373,1866
17,a8wMNv5TD_I,Easy Homemade Pastrami - How to Turn Corned Beef Into Pastrami,2012-04-16,760677,13162,907
18,qkeTXIcVvl8,Crispy Pork Cutlets with Creamy Jalapeno Green Onion Gravy - Pork Schnitzel with Country Gravy,2012-07-09,774890,16073,856
19,vHA2gRm62DY,Quiche Lorraine Mother's Day Recipe - Creamy Bacon Leek Cheese Quiche,2012-05-09,770698,11542,674
20,Eki24MOOFqw,Salted Caramel Sauce Recipe - Caramel Ice Cream Topping,2012-08-27,254763,6302,620
21,mIfmSLptqsY,Lobster Bisque Recipe - How to Make Classic Lobster Bisque,2012-12-21,989036,15516,1194
22,aJzA4Zj8x9k,Deviled Eggs - Recipe 666!,2012-01-04,815538,15099,1468
23,Wa1WZqUi8AY,Ranch Dressing Recipe -- Chef John's Ultimate Ranch Dressing,2012-10-29,487043,11156,707
24,2q4IdyIF__c,Cottage Fries - Easy Oven-Fried Potato Rounds,2012-04-09,4314853,52574,1753
25,9NbBoQ-R_0s,Sweet Potato & Black Bean Chili - Help Fight Childhood Malnutrition!,2012-10-10,272436,6938,470
26,h3zkRJb6_a0,Creole Crab & Corn Chowder - Mardi Gras Special!,2012-02-20,239648,4999,346
27,aiZottYbn2I,Cream of Cauliflower Soup with Bacon Gremolata,2012-09-28,356602,7938,473
28,N31uK3vu9Jc,Popovers -  Food Wishes,2012-08-15,309761,6420,759
29,45WXFbSyGm4,Chicken Noodle Soup - How to Make Classic Chicken Noodle Soup,2012-02-24,1640962,17900,954
30,gZ_PTdrbE80,White Bean Chicken Breast Chili - Easy & Healthy Chicken Chili Recipe,2012-11-09,442916,8621,439
31,Cz6l1Lmjeck,Duck Adobo -- How to Make Adobo Sauce,2012-10-31,390648,7680,748
32,C2jjfgKls7g,Dark Chocolate Macarons - French Macaron Recipe - Meringue Cookies,2012-05-17,840201,14397,1113
33,aPcxbXYSvvc,Balsamic Beurre Noir - Balsamic Garlic Butter Sauce Recipe,2012-01-27,374038,5792,400
34,a8JbYORJmMg,Roasted Red Potatoes - Simple Yet Awesome Roasted Potato Side Dish,2012-06-19,1227695,13465,702
35,QKjmdrMA2t8,World's Fastest Meatballs - Easy No-Chop No-Roll Meatball Recipe,2012-05-14,1329401,17181,991
36,JMw4Q1RMD6I,Nacho Cheese Sauce Recipe - Nacho Cheese Sauce & Dip,2012-02-02,578387,11478,696
37,zaP9-tKleRg,"Lemon Curd ""Lite"" -- Easy Lemon Custard Dessert Sauce Recipe",2012-11-02,271110,6440,383
38,VHl1AAAeKGM,Salmon in Parchment - How to Cook Fish in Parchment Paper,2012-04-26,644011,9012,474
39,RFJUv1oc0h0,Classic Rice Pilaf - How to Make Perfect Rice,2012-07-12,730833,10696,843
40,y0CAG_zeaTw,Chicken Riggies - Rigatoni with Spicy Chicken Tomato Cream Sauce,2012-10-02,480129,8590,491
41,8SLbT652IiQ,Pickled Jalapeno Rings - Make Your Own Pickled Jalapeno Peppers,2012-02-03,885179,10947,468
42,4i-blr330n4,"How to ""Turn"" a Mushroom - To Honor Earth Day, Sunday 4/22",2012-04-20,283722,4006,277
43,99VoTd3msxo,Chicken Spiedie Recipe - How to Make Chicken Spiedies - Grilled Herb & Garlic Chicken Skewers,2012-07-23,780062,15049,881
44,oUNDvDqF8Ds,"Savory Bacon & Crab Bread Pudding Benedict - Like Crab Cake Benedict, Only More Awesome",2012-03-22,350565,7897,517
45,AyEeHqdmmAk,Boil-n-Bake Baby Back Ribs  - Hot 5-Spice Ribs Recipe Perfect for the Super Bowl!,2012-01-30,1000995,13082,809
46,VTK9I5_E7Tg,Braised Red Cabbage Recipe - Sweet & Sour Braised Red Cabbage Side Dish,2012-04-18,668596,7519,584
47,wOaETYejHmw,Beef Medallions with Caramelized Tomato Mushroom Pan Sauce - Beef Tenderion Medallions,2012-04-13,656538,11614,801
48,G8BMqQlokYo,Lambage Rolls - Lamb & Rice Stuffed Cabbage Rolls with Almonds and Currants,2012-09-21,408810,8361,794
49,kMpdW-L4xVw,San Francisco Style Bagels - How to Make Bagels,2012-08-06,431955,7353,555
50,ngW4MxTH55w,Creamy Salmon Leek Pasta - Easy Spring Seafood Pasta Sauce Recipe,2012-05-11,621591,10037,742
51,1-qnnG-cNa0,Steak Pizzaiola Recipe - How to Make Steak Pizzaiola - Summer Tomato Steak Recipe,2012-08-17,288473,5413,527
52,ffaTjpA1scI,Ginger Pear Cranberry Sauce -- Thanksgiving Holiday Cranberry Sauce Recipe,2012-11-21,107561,2362,176
53,NCHC4MMs9Oc,Veracruz-Style Red Snapper Recipe - Easy Baked Fish Veracruz,2012-07-06,369888,5988,400
54,cvj0HAFK0po,Pineapple Upside-Down Cake Recipe - Fresh Pineapple Coffee Cake,2012-03-09,386547,8095,607
55,QPsPH1DowAs,Strawberry Syrup - How to Make Fresh Strawberry Syrup and Strawberry Soda,2012-06-12,959823,22609,1393
56,tRl6Ut69mw8,Sweet Salty Spicy Nuts -- Candied Party Nuts -- Roasted Mixed Nuts,2012-10-18,262171,5198,701
57,jLkGHeSJwYw,Garlic Parmesan Dinner Rolls Recipe - No-Knead Italian Dinner Rolls,2012-03-07,1062633,19130,853
58,E8wvmNcqUvw,Tuscan-Style Flank Steak - Father's Day Grilled Steak Special!,2012-06-14,449240,6237,393
59,MelBq6-N6Ms,Baked Eggs - Eggs Baked in a Spicy Creamy Tomato Sauce - Father's Day Brunch Idea,2012-06-08,709135,12288,852
60,cHPIqS87Wm0,Strawberry Rhubarb Custard Pie - The Best Strawberry Rhubarb Pie Recipe,2012-06-01,438653,8511,722
61,cYbovDyj39A,Crispiest Apple Crisp Ever! Easy Apple Crisp Recipe with Ultra Crispy Topping,2012-02-28,494300,8008,631
62,EIVEPypojyo,Tarte Tatin Recipe - Easy Caramel Apple Tart,2012-09-26,302205,6178,475
63,x6-tziWozrQ,Pumpkin Cinnamon Rolls: Halloween Sweet Treats,2012-10-26,604001,16539,864
64,ZAg5n7xdZ2k,Cracker Dressing & Stuffing Recipe -- Old Fashioned Cracker Stuffing/Dressing for the Holidays,2012-11-16,186919,3896,299
65,Y2-nAjrsKzk,Prosciutto Wrapped Chicken Breast Stuffed with Dried Cherries - Valentine's Day Entree Special,2012-02-10,709470,11039,741
66,dV18UBsjagU,Broiled Herb-Crust Salmon Recipe - Easy Broiled Fish Technique,2012-01-19,300891,5385,449
67,9IcEyz5kAww,Pizza Sauce Recipe - Chef John's Secret Pizza Sauce Recipe,2012-02-08,4858460,53777,2537
68,EihfUPHEb8I,Ham & Red Eye Gravy Recipe,2012-09-14,145013,2558,410
69,nejk74AtW0I,Beef Borscht Recipe - How to Make Beef and Beet Soup,2012-09-11,233561,3606,585
70,0ahB5gC7qac,Brussels Sprouts with Warm Bacon Dressing - Thanksgiving Side Dish Recipe,2012-10-23,122671,2578,298
71,pOP5Zzm19kc,Pork-Fried Quinoa - Low-Fat Pork-Fried Rice Recipe with Quinoa,2012-07-30,310987,5361,392
72,nK8pcEjGTpc,Buffalo Chicken Dip! Spicy Baked Buffalo Chicken Dip - Super Bowl Party Special,2012-01-17,1155553,17089,1316
73,R5JPircwHRQ,Mint-Crusted Rack of Lamb Recipe - Easter Special! Mint Crust Rack of Lamb with Honey Vinaigrette,2012-04-03,368545,4299,460
74,aQvcxNW5OEA,Potato & Pepper Frittata Recipe - Summer Vegetable Italian Omelet,2012-08-22,301510,5653,441
75,ihd715yNPAg,Peach Melba Recipe - Vanilla Poached Peaches with Fresh Raspberry Sauce on Ice Cream,2012-08-11,238868,6703,504
76,LkStA4EHxMg,"Chicken Cordon Bleu-wich!  Baked Chicken, Ham, and Cheese Sandwich Recipe",2012-12-04,648454,14322,872
77,YYnK8H1NVvk,Salsa Cruda - Tomato Salsa Recipe for Cinco de Mayo,2012-05-02,742962,10933,712
78,18coRbonLaE,Crab Stuffed Corn Muffins Recipe - Spicy Corn & Crab Cupcakes,2012-09-19,251053,7617,526
79,9EdLwH4PIAc,Fast & Easy Creamed Spinach - Creamy Spinach Side Dish,2012-06-25,753528,11752,515
80,9D0X4Iox1TU,Turkey Manicotti Recipe -- Leftover Turkey Special,2012-11-24,317925,6087,385
81,ukJivXwaMcU,"Easter Hamlet - Home-Cured, Fresh Holiday Ham Recipe",2012-12-12,265991,5175,352
82,9SRLkjmzABA,Tiramisu Chocolate Mousse Recipe - Valentine's Chocolate Dessert Special,2012-02-06,744778,13920,1269
83,BnS-rTbFw2g,"Broken Spaghetti ""Risotto"" Pasta Recipe",2012-03-16,364081,6253,550
84,BktdaTg6_E4,Lamb Shank Vindaloo - Spicy Indian-Style Lamb Curry Recipe,2012-07-18,338632,5013,597
85,JwbFf13j7ds,Oyster Rockefeller - Oysters Baked with Herb Butter - Special Holiday Appetizer,2012-12-24,281953,4720,435
86,ia9fBs3A3PU,Cherry Pie with Almond Crumb Topping - Cherry Streusel Pie,2012-07-04,210070,4731,341
87,HUAJ5Rl_F9Y,Corn & Wild Mushroom Spoonbread -- Sweet Corn & Mushroom Cornbread Dressing Recipe,2012-11-19,94099,2055,235
88,BWz9TUg2Ju8,Braised Black Lentils Recipe - How to Cook Beluga Lentils,2012-07-20,170676,3023,303
89,khqAYx7h3S4,Pavlova - Fresh Strawberry Pavlova Recipe - Easter Dessert Special,2012-04-05,597096,12033,1003
90,8KRRoyMq3ig,Rice Pudding Recipe - Coconut Milk Rice Pudding with Mango,2012-03-30,479690,10501,752
91,T9ZXL2uILF8,Beef & Guinness Stew - St. Patrick's Day Special - Beef Stewed in Guinness Beer,2013-03-15,1115511,22951,1127
92,XOatJPocjDo,Fondant Potatoes - Crusty Potatoes Roasted with Butter and Stock,2013-06-18,6734007,87850,4337
93,C0gWH2E4lWg,Ultimate Mashed Potatoes - Ultra Luxurious Buttery Mashed Potatoes for the Holidays,2013-11-26,1993170,34746,2710
94,vae9wVRIXag,Buttercrust Pastry Dough - Flaky Butter Pie Crust Recipe,2013-03-29,1155495,28965,1397
95,jMj8lNdFqV8,Bolognese Sauce - Marcella Hazan-Inspired Meat Sauce Recipe - Rigatoni Bolognese,2013-10-22,1579129,27191,1682
96,40szNyHbB7g,Barbecue Shrimp - New Orleans Style Garlic Pepper Shrimp Recipe,2013-05-14,1171919,23037,1075
97,nJzDfRIb9T0,Beef Goulash - Hungarian Beef Goulash Recipe - Paprika Beef Stew,2013-01-15,2820051,48573,3235
98,jE2NemX-FO4,Perfect Polenta - How to Make Soft Polenta,2013-09-27,1706736,26868,1823
99,YymAA-1YrYQ,Coquilles St Jacques - Creamy Scallop & Mushroom Gratin Recipe,2013-11-07,1071902,21872,1030
100,oLPrHdlLbic,Fisherman's Pie - Cod & Spinach Casserole topped with Potato Crust,2013-04-13,529477,13372,619
101,tfvMDzr2Q4g,Cream of Asparagus Soup - Easy Asparagus Soup Recipe,2013-03-07,472158,7708,379
102,II2gnuhe0NY,Apple Hand Pies - Apple Turnovers Recipe - How to Make Hand Pies,2013-03-25,3001994,61116,2010
103,fixHiTWKRWA,Spanish Garlic Soup - Sopa de Ajo Recipe - Bread and Garlic Soup,2013-04-19,2667065,68526,3166
104,dqNLyNWniTY,Slow-Cooked Green Beans - Amazing Southern-Style Green Beans,2013-07-31,674735,13903,1151
105,tiJMJznAi0Y,Quick & Easy Paella - Oven Baked Sausage & Shrimp Paella Recipe,2013-08-09,2569731,42471,2390
106,C4fTD4EukUo,"Baked Mushroom Risotto - ""Cheater"" Oven Risotto Method - Perfect Everytime!",2013-03-06,746158,14934,713
107,OOkL5d8t1sM,Tzatziki Sauce - How to Make Tzatziki - Greek Garlic Yogurt Sauce,2013-04-16,3142269,55606,2443
108,NPiA69p4gqE,Pita Bread - How to Make Pita Bread at Home - Grilled Flatbread,2013-04-24,9151703,133937,4763
109,TH8yn4x8_Xs,Grand Marnier Souffle Recipe - Classic Orange Souffle- Valentine's Day Dessert Special,2013-02-11,1037696,19601,1050
110,YQsd7p2Rjfc,Bourbon Glazed Carrots - Special Occasion Carrot Side Dish Recipe,2013-03-21,524347,9779,672
111,vgK3EpXROks,Sriracha - Homemade Sriracha Hot Chili Sauce Recipe - Rooster Sauce,2013-09-16,817115,16462,1273
112,ace-TXcX6GY,Hamburger Buns - How to Make Homemade Burger Buns,2013-07-19,2188137,33020,1872
113,Dx3hfaE1QMY,"Pork Stew ""Al Latte"" - Pork Cooked in ""Milk"" and Sage",2013-09-25,433876,8846,570
114,eWeiY7h4odk,Creme Caramel - Creamy Baked Caramel Custard Dessert Recipe,2013-03-11,1514353,28727,1396
115,kHw67wim0Vk,"Million Dollar Chicken - Roast Chicken with Creme Fraiche, Shallot, Lemon, & Aleppo Pepper Glaze",2013-07-29,1140541,22427,1046
116,uNuq6zboKjw,Lemon Bars - Easy Lemon Meringue Bars Recipe,2013-05-06,1139454,32134,1322
117,A4rIDnH490o,Homemade Cream Cheese - Creamy Yogurt Cheese Spread Recipe,2013-10-11,1237815,32928,1981
118,Q2rLPq8oYCc,French Baguette - How to Make Baguettes at Home - No-Knead French Bread Recipe,2013-10-16,2390726,37772,2000
119,hVnomF2plSA,Orange Crème Anglaise Recipe - Classic Custard Sauce for Desserts,2013-02-15,250243,4992,298
120,r_ZSis4y_F8,"Potato Chorizo Mini Quiches - Chorizo, Manchego, Potato Quiche Bites - Party Snack",2013-02-02,1190655,24805,1013
121,RP3LhqcBThg,Garlic Parm Hot Wings - Oven-Fried Chicken Wings with Spicy Garlic Parmesan Crust Recipe,2013-01-11,1288640,27489,983
122,Ch8-5XLXRew,Sweet Hot Mustard Chicken Thighs - Baked Chicken Recipe,2013-06-03,1776201,31695,1230
123,ES4VtdBrF0A,Chocolate Snowcap Cookies - Classic Holiday Cookie Recipe,2013-12-04,509596,13451,551
124,KACljuBkpUo,Crab Stuffed Deviled Eggs - Deviled Eggs with Crab Recipe,2013-12-22,470477,11008,670
125,7ak4950FQX8,Baked Crab & Artichoke Dip - Super Bowl Dip Recipe,2013-01-28,544447,11100,516
126,d4z_N0GjqCY,Salt-Roasted Chicken Recipe - Roast Chicken with Thyme Butter Sauce,2013-10-09,1207101,18156,1142
127,3WoIdWFVYY0,Chocolate Sour Cream Bundt Cake - Easiest Chocolate Cake Recipe Ever!,2013-02-25,624206,15773,1109
128,gxOTPTMyiHU,Cheesy Crackers - Homemade Cheese Crackers Recipe,2013-10-05,1451283,40189,1960
129,r5lUWuAB1uw,Blue Cheese Dressing - How to Make the Best Creamy Blue Cheese Dressing,2013-03-19,335713,7239,535
130,0AmALM0liI0,Focaccia Recipe - Italian Flat Bread with Rosemary and Sea Salt,2013-08-17,1245162,19970,971
131,C0-CiCiFOCw,Cream Biscuits - Easy Light & Flaky Cream Biscuits,2013-11-19,696989,17516,866
132,sta-kHfOzeE,"Shooter's Sandwich - Pressed Steak & Mushroom Sandwich - Great for Tailgating, Hunting & Picnics",2013-12-07,1894621,33168,2679
133,QS0I7mLQIgc,Tomato Bisque - Creamy Tomato Soup Recipe,2013-10-02,1337086,22467,1149
134,fMqmdc7dR88,Peanut Dipping Sauce Recipe - How to Make Peanut Sauce,2013-08-22,692907,12699,513
135,wA-OptXxw9A,Monte Cristo Benedict - Brunch Recipe!,2013-05-08,709688,13064,652
136,PTlESghNBDs,Cajun Chicken Ragu - Spicy Chicken and Sausage Stew over Rice - Mardi Gras Special,2013-02-05,391515,7834,562
137,sDkK6VJDntA,"Oven ""Grilled"" Parsnips Recipe -- Roasted Parsnips Appetizer and Side Dish",2013-04-11,195839,3703,393
138,cZZkmYTI_hg,Farinata - Baked Garbanzo Flour Pancake - Rustic Italian Chickpea Flatbread,2013-11-05,214667,4977,359
139,F_6RRtOOCCk,Tuna Melt - Hot Tuna and Cheese Sandwich,2013-01-09,1223861,23424,1296
140,l3itgZerSPM,Shrimp & Pasta Shells Salad - Cold Macaroni Salad with Shrimp Recipe,2013-07-02,374053,9598,568
141,L_zDjBlPSjU,"Orange Cumin Vinaigrette - The Old ""Make-n-Shake"" Salad Dressing Method",2013-03-13,83136,1971,124
142,irC0tkR9jwA,"B.L.T. Pasta Recipe - Pasta with Bacon, Lettuce (Arugula), and Tomato Sauce",2013-07-10,358503,8176,558
143,-_yQkKL-b1s,Turkey Matzo Ball Soup - Leftover Turkey Soup Recipe for Thanksgivingukkah,2013-11-22,158470,3358,294
144,clxps2PmceM,Peruvian Turkey - Thanksgiving Turkey Inspired by Peruvian-Style Rotisserie Chicken,2013-11-14,489114,9841,653
145,xKteiAi5h7Q,Pumpkin Cheesecake Recipe - How to Make Pumpkin Cheesecake,2013-11-01,702023,16184,863
146,kJrQvTzQpog,Meatless Meatballs! Vegetarian Garlic & Mushroom Meatballs,2013-04-22,732340,18482,1699
147,lwhqhQwfTtc,Focaccia di Recco - Rustic Cheese-Filled Italian Flatbread,2013-12-10,1294365,29399,900
148,IKrhkzRLl3s,Duck Fat Roasted Brussels Sprouts - Easy Brussels Sprouts Side Dish Recipe,2013-01-30,113475,1914,199
149,bJ-kLc4EeqA,Sausage Ribs - Italian Sausage-Spiced Baby Back Ribs,2013-01-08,436249,8810,491
150,pn0H2Fi70zY,Utica Greens & Beans - Escarole Gratin with Beans Recipe - New Year's Day Special!,2013-12-29,158675,3518,185
151,KiCh8dVsbQU,Watermelon Agua Fresca - Refreshing Summer Watermelon Drink,2013-08-02,1291826,34391,1942
152,pUPuydWJOcM,Strawberry Granita Recipe - Frozen Italian Fruit Dessert,2013-04-26,365748,8248,509
153,PCakurFMUh8,Sexy Fish Stew - Valentine's Day Seafood & Potato Stew,2013-02-08,387246,7171,532
154,I7j0lGAiJtM,"Salad Lyonnaise - Frisee Salad with Shallot Dijon Dressing, Bacon, and Poached Egg",2013-09-13,327209,7709,505
155,ooGVn_JWiYk,Rack of Lamb with Blueberry Beurre Rouge - Easter Lamb Roasted with Blueberries,2013-03-27,217235,3927,368
156,3jVuC60Z3xw,How to Stuff a Pork Loin - Rolled Stuffed Pork Loin Roast Wrapped in Caul Fat,2013-01-21,589658,5660,429
157,Db6SYxAfmPM,How to Blueberry Pancakes - Best Method for Blueberry Pancakes,2013-04-02,669667,11287,807
158,UsyrMndrICQ,"""Minute"" Chocolate Mug Cake - Chocolate Almond Coconut Cake in Less Than 60 Seconds!",2013-07-23,1002402,28582,1620
159,7LWqRkGQGJ8,Apple & Cheddar Cheese Souffles - Easy Appetizer or Dessert Cheese Souffle Recipe,2013-10-19,328783,7880,423
160,TxmHDnTMs8g,Slow Cooker Red Curry Beef Pot Roast - Spicy Braised Red Curry Beef Recipe,2013-02-27,209311,4597,416
161,biTtEll_kL8,Roasted Beets with Goat Cheese and Walnuts - Easy Roast Beets Recipe,2013-10-24,196146,5079,356
162,0Gm7x85vXgE,Maple Walnut Cranberry Sauce - Thanksgiving Cranberry Sauce Recipe,2013-11-16,133449,3037,179
163,7jChV-5vQAM,Miracle Fudge - Vegan Chocolate Fudge with Walnuts - Edible Holiday Gift,2013-12-14,472158,14594,760
164,eTYGqUHmyes,Mushroom Ricotta Bruschetta - Baked Ricotta topped with Mushrooms Appetizer,2013-01-03,319482,7591,510
165,-oMV7t1Ynj0,Homemade Garlic Basil Mayonnaise - How to Make Premium Mayo at Home,2013-06-06,633403,14529,867
166,BUmzHyCvzMI,Baked Lemon Pepper Salmon Recipe - How to Bake Salmon,2013-03-01,340259,3804,372
167,28AGLMP2h8g,Porchetta (Sort of)  - Porchetta-Style Pork Shoulder Roast & Sandwich,2013-09-10,326672,5634,386
168,ln_Ieu_vhA0,Avocado Tomatillo Salsa - Avocado & Tomatillo Salsa Verde Recipe,2013-06-20,267176,5023,383
169,GxnKz1oVpyE,Four Peppercorn Roast Tri Tip of Beef - Roast Beef with Garlic Peppercorn Crust - Holiday Roast,2013-12-12,457845,8258,535
170,T0ltchV8M_k,Grilled Sea Bass with Asian Chili Lime Dressing,2013-06-10,217481,4105,335
171,Dc7w_PGSt9Y,Ultimate Garlic Peeling Trick -- How to Peel 20 Cloves in 20 Seconds!,2013-11-11,6035080,44533,2271
172,XaoUb4e3rvQ,"Cashew Chicken - Leftover Chicken with Cashews in Spicy, Sweet & Sour Sauce",2013-04-09,274030,5678,416
173,ts1bju5M53k,"Mexican Grilled Corn ""Elote"" - Corn with Chili Lime Mayo & Cotija Cheese",2013-07-08,573645,9490,709
174,EBExoHOjOso,Marble Potatoes - New Potatoes Pan Roasted with Bacon,2013-05-22,273535,5852,529
175,LjgOcJoyJto,Grilled Salmon with Bacon & Corn Relish - Salmon with Warm Sweet Corn and Bacon Relish Recipe,2013-08-12,212313,4881,333
176,pJBHKhO-dFM,Cheese Straws - Cheesy Bread Sticks Recipe,2013-02-21,1054981,18291,833
177,e1maxiVuREM,"S'more Ice Cream Pie - Frozen Graham Cracker, Chocolate, Marshmallow Pie",2013-06-12,413504,10075,727
178,ssv6k8EWN-g,"Gorgonzola Cream Sauce - Creamy Pasta Sauce Recipe with Gorgonzola, Apples, and Walnuts",2013-10-31,273668,5541,389
179,UzSxMjq2IW8,Beef Satay Recipe - Thai-Style Grilled Beef Skewers,2013-08-20,564533,9555,670
180,qsogxewtJbY,Spicy Peach Coleslaw Recipe - Summer Peach and Cabbage Salad,2013-07-18,163380,3667,312
181,7P49UPPOztU,Cold White Bean Herb Salad Recipe - Fast & Easy Summer Bean Salad,2013-06-26,141586,2889,271
182,s0NhSAmIOj0,Chia Chocolate Pudding - Chocolate Dessert from Chia Seeds,2013-09-19,430986,8515,714
183,utCRI9bTbe4,Homemade Ketchup - Copycat Ketchup Recipe That Tastes Like a Famous Brand!,2013-04-05,1080261,16477,1639
184,2ebKT8wcnwM,"Quick ""Creamed"" Curried Corn and How to Really Cut Corn Off a Cob!",2013-08-14,134659,3541,346
185,oDT1ojNO1iM,Empty Mayo Jar Dressing Trick - Scrap the Scrape!,2013-08-26,114826,3049,388
186,N4iRQWQ6yhM,"Baked Goat Cheese ""Caprese"" - Goat Cheese Baked with Tomatoes and Basil",2013-05-16,89158,2323,206
187,2QuVUjCyWbU,"Coq Au Vin - Chicken Braised with Bacon, Mushrooms & Red Wine",2014-08-28,1129647,23807,1194
188,NshiJSNBWNs,Quick & Easy Chicken Tikka Masala – Creamy Chicken Curry Recipe,2014-10-13,1750630,38274,2256
189,0yOA1WnlpWY,Bread & Butter Pickles - How to Make Great Depression-Style Sweet Pickles,2014-08-26,1861330,45436,1692
190,kyxEFj7bgHI,Dutch Baby Recipe - How to Make Dutch Babies - German Pancakes,2014-10-15,3889647,89767,5583
191,5_mNozo4yqM,Prison-Style Meatloaf - Special Meatball Loaf Recipe,2014-05-30,1439754,28963,2026
192,aJgiUq5fQq4,Bacon Jam Recipe - Savory Bacon & Onion Spread,2014-01-28,778000,17059,767
193,Vx1yprdgs80,Shrimp Etouffee Recipe - Spicy Creole/Cajun Shrimp Sauce on Rice - Frozen Shrimp Tips,2014-01-21,884038,16520,570
194,79wknoNrGz0,Chicken Kiev - Crispy Chicken Breast Stuffed with Garlic Butter Sauce - How to Make Chicken Kiev,2014-02-18,1646072,30968,1618
195,CLwwN6M9oMk,Lobster Newberg Recipe (aka Lobster Newburg) - How to Make Lobster Newburg,2014-11-12,778596,13919,725
196,kWxRY_ktG5c,Classic Pecan Pie Recipe - How to Make Perfect Pecan Pie,2014-04-23,930463,21711,1099
197,IochM2MoIDA,Syracuse Salt Potatoes - New Potatoes Boiled in a Salt Brine,2014-03-13,393326,9065,622
198,v7yAZ9P0kdI,Olive Oil Poached Tuna - How to Make Tuna Confit & Conserva,2014-05-03,452469,9811,496
199,yLLw-B-OR8U,Bananas Foster Recipe - Caramelized Banana Flambe,2014-11-06,509303,11706,629
200,ypYRfbMSyRo,Pan-Roasted Halibut with Mushrooms & Lemon Butter Sauce - Fast & Easy Halibut Recipe,2014-02-04,468755,9330,402
201,DMoXmG-RDWI,Italian Sausage Chili - Spicy Sausage & White Bean Chili Recipe,2014-01-30,361847,6902,373
202,mktyAE87L20,Kentucky Beer Cheese - Spicy Cheddar & Beer Spread - Super Bowl Recipes,2014-01-17,213278,4722,326
203,nfO0YS2dSdw,Bay Scallop Chowder Recipe - Creamy Scallop and Bacon Soup,2014-10-18,484067,9188,729
204,0ae2lDFjCSE,Korean Fried Chicken - Crispy Fried Chicken Nuggets - KFC,2014-07-23,1008554,18734,802
205,0TXhWuIVFRA,Beef on Weck - Part 1: The Weck Roll - How to Make Kummelweck Sandwich Rolls,2014-10-21,202308,4136,321
206,q0TfYHzEOcs,"Boneless Whole Turkey for Thanksgiving - How to Bone, Stuff, & Roast a Whole Turkey",2014-11-22,902361,16997,1250
207,FyMvQKpUyMU,Shrimp Fra Diavolo - Another Delicious 1080p Test!,2014-07-25,458465,9768,633
208,WYjsqeLHS14,"Cauliflower Pizza Crust Recipe - Cauliflower Pizza ""Dough"" Recipe",2014-02-07,1186754,24908,1229
209,OuPABfgsa4g,Persian Rice - How to Make Perfect Steamed Rice,2014-12-03,2256320,41521,2159
210,eYWVj27ABDg,"Candied ""Buddha's Hand"" Citron - How to Candy Citrus for an Edible Gift",2014-12-23,309587,7524,359
211,t9EAm1-Y2q0,Tiramisu Recipe - How to Make Tiramisu - Valentine's Dessert,2014-02-12,1915192,37717,1307
212,5p7BT6-X-yg,Saba Braised Lamb Shanks - Tender Braised Lamb Shanks with Saba Grape Syrup,2014-01-07,234930,4649,191
213,Daz77TnVCno,Chicken Mushroom Chimichanga - How to Make a Chimichanga (Oven Fried Burrito),2014-01-14,664002,14462,695
214,dZ_3xKZMOec,Irish Pork Stew Recipe - Pork Stewed with Guinness Beer and Vegetable - St. Patrick's Day Recipe,2014-03-11,351972,6789,438
215,WxysE5M2GOw,“One Pan” Orecchiette Pasta with Sausage and Arugula - How to Cook Pasta & Sauce in One Pan,2014-08-15,722381,15927,825
216,mb-pXczfe7A,Duck Rillettes Recipe - Slow Roasted Duck Confit Pate Spread,2014-09-23,514724,10190,508
217,fc8fa8FIVEY,The Manhattan Filet Steak - How to Turn a NY Strip into a Filet Mignon,2014-03-19,1508761,19867,1149
218,OYsscXrw2gc,Crostini Dijonnaise - Mustard Flavored Crostini Recipe,2014-09-25,199051,4200,155
219,WGd3vVF_RQk,Fresh Salmon Cakes Recipe - Salmon Patties with Fresh Wild Salmon,2014-09-18,1348966,25533,997
220,DG0beZ1ZVlQ,Celery Root Puree - How to Make Celeriac Puree,2014-11-04,363643,5002,269
221,ahWooNfQ_C8,Joe's Special - Original Joe's Ground Beef & Spinach Scramble,2014-04-25,545320,12750,686
222,XEVg0Ahq320,Creamy Bay Scallop Spaghetti - Pasta with Bay Scallops and Sherry Cream Sauce,2014-01-02,563705,11406,485
223,TPG91ROfyDo,Tom Kha Gai – Spicy Thai Coconut Chicken (or Turkey) Soup Recipe,2014-11-25,780778,15824,807
224,XUbXrOoj2J8,Pork Carnitas Recipe - Crispy Slow-Roasted Spiced Pork Recipe,2014-10-07,1671558,29861,1567
225,GdN2f65AHcU,Spaghetti al Tonno Recipe - Spaghetti with Spicy Tuna Sauce,2014-03-03,373341,6624,318
226,77k7xrm9BoY,Remoulade Sauce Recipe - How to Make Fancy Tartar Sauce,2014-09-19,505945,10161,418
227,6_cnGT0T7uU,Homemade Flatbread in Minutes - How to Make the World's Oldest Bread,2014-11-18,1033385,21702,1358
228,kL6CjHLDK2M,Crispy Honey-Glazed Ham - How to Make a Honey Baked Holiday Ham,2014-12-20,1324997,15780,739
229,x4LX7fYNNmk,"Cranberry Stuffed Game Hens - ""Micro Turkeys"" with Walnut & Cranberry Stuffing",2014-08-12,191570,4135,266
230,wg2ajk7W6t4,Truffled Cauliflower Gratin - Creamy Cauliflower Side Dish with Truffles,2014-12-18,301345,6836,350
231,JsZCkBH7v2k,Cornish Pasty Recipe - Cornish-Style Meat Pies,2014-12-16,1143562,23572,2026
232,mpPRWqFENlg,Puff Pastry Shells (Vol au Vents) - How to Make Puff Pastry Cups for Fillings,2014-11-13,478826,6890,273
233,4aDZ0yT5agM,Coney Dogs - Coney Island Hot Dog - Hot Dog with Spicy Meat Sauce,2014-07-08,535177,10199,831
234,lbXw1uRlkeY,"Video 1,000! Your Most Frequently Asked Questions",2014-09-16,298524,19685,2368
235,RcFzt0L3oE4,Crab Stuffed Sole Recipe - Baked Sole with Crab Stuffing,2014-03-07,293663,6158,268
236,O_9eDZFBxbc,Chicken Lettuce Wraps - How to Make Spicy Chicken Lettuce Wraps at Home,2014-10-01,523302,9936,510
237,XJ_qjbc5Xpc,Meat Sauce Recipe - Pasta Sauce - Sunday Sauce - Red Sauce,2014-02-09,639140,11373,543
238,Iew-8kbvMmk,Chicken and Olives Recipe - Chicken Breasts Braised with Olives,2014-03-27,455067,11118,591
239,NbSYPcWd0W4,"Pan Sauce ""Bordelaise"" - Red Wine Reduction Steak Sauce",2014-03-21,1635367,22754,1319
240,1wn6vnd4xYc,Fire-Roasted Tomato Salsa Recipe - Fire-Roasted Cherry Tomato Salsa,2014-10-04,602126,13186,557
241,e8vWhX1zXKM,Easiest Corn on the Cob Ever – Chef John's Favorite Method for Corn on the Cob,2014-08-20,1780620,26602,1941
242,aJ2DjbT5MQ0,Duck Fat Steak Fries - Crusty Oven-Fried Potato Wedges,2014-02-20,381608,7308,410
243,GOWFlp0M7QM,Pork Belly with Celery Root Puree - Crispy Pork Belly Recipe,2014-11-01,842353,12256,688
244,15ua-qSqHMg,Orange Duck Recipe - Duck Breast a l'Orange,2014-02-13,908092,10793,536
245,UyNmmWy9OL0,Pancetta-Wrapped Leek Gratin Recipe - How to Make Leek Gratin,2014-02-25,184737,3806,211
246,ZP1HWvCvhWY,"Roast Leg of Lamb with Pomegranate, Garlic & Herbs - Easter Lamb Recipe",2014-04-17,670002,10290,545
247,oX4fDnqMZ6c,Beef on Weck Part 2: The Meat - How to Pan-Roast Beef for Beef on Weck Sandwich,2014-10-24,246769,5290,350
248,8W8kmLqPy-w,Potato & Parsnip Gratin - Baked Potato & Root Vegetable Casserole Recipe,2014-01-08,188046,4052,203
249,dg-Wd3dNp6Q,Creamy Asparagus & Cauliflower Soup - Simple Asparagus Soup Recipe,2014-05-22,208680,5484,295
250,xqGOz_JMQUA,Miso Glazed Black Cod - Easy Broiled Fish Recipe,2014-04-04,288456,4846,326
251,QKdc9V2HRnQ,Black Lentil Soup Recipe - How to Make Lentil & Bacon Soup,2014-03-31,178221,4028,262
252,CX9y6cgzV_0,Holiday Pine Cone Cheese Ball - How to Make a Garlic & Herb Cheese Spread Pine Cone,2014-12-13,185092,4907,247
253,bLEx73cVX0M,Chocolate Cream Puff Swans - How to Make Swan Cream Puffs for Mother's Day,2014-05-01,376107,10665,403
254,soFt2tL780M,Pork Recipe Fail - How Not to Make Roast Pork Loin with Rosemary & Grapes,2014-02-22,204084,5425,572
255,lvd-_MfzmW4,Pickle Brine Chicken Breasts - Tender & Juicy Grilled Chicken Using Pickle Juice,2014-06-26,187275,3903,237
256,jydi1oQHMkg,Homemade Whipped Topping - Fresh Whipped Cream vs. Processed Whipped Topping,2014-12-02,215758,5496,551
257,N6FmFZkkeR8,"Chicago Italian Beef Sandwich ""Stew Meat Edition"" - Stewed Italian Beef Sandwich",2014-01-10,643761,11358,759
258,bFoIJCDEqGw,Quick Cured Salmon - How to Cure Salmon in 3 Minutes,2014-04-14,2255524,35215,2382
259,LolNXpC5lLI,"Mancakes - Bacon, Green Onion, & Cheddar Corn Pancakes Recipe - Father's Day Brunch",2014-06-07,576333,15865,883
260,Ub9Z4UXU_MM,Singapore Chili Crabs Recipe - Crab with Sweet & Spicy Chili Sauce,2014-11-20,416916,8322,631
261,xLXWn3mzAeA,Green Goddess Dressing Recipe - How to Make Green Goddess Dressing & Dip,2014-05-09,340209,7777,353
262,NboMW3othkQ,How to Debone & Butterfly a Leg of Lamb,2014-04-18,258507,2512,150
263,n3TjUOr6DHY,Grilled Brie & Pear Sandwich - Grilled Cheese Sandwich Recipe,2014-04-11,527883,14075,769
264,J-Rn9DN3IjU,Crispy Panzanella Salad - Tuscan Bread & Tomato Salad Recipe,2014-08-19,399817,8441,423
265,EXkRIGckvdo,Seared Scallops on Fresh Corn Cream – Easy Summer Scallop Recipe,2014-08-09,209590,4494,220
266,Vby1cCJIWEg,City Chicken Recipe - Mock Chicken Drumsticks Made with Pork,2014-04-08,311761,6210,449
267,B2R9yCuNDJc,Split Top Hot Dog Buns - Classic Split Top Sandwich Rolls Recipe,2014-05-19,337136,7126,504
268,D6ZQskNBwyg,Meringue Bones & Ghosts - Crispy Meringue Halloween Candies,2014-10-29,119195,3144,194
269,hpOWaXzVdPg,Spinach & Leek Torta di Riso -- Savory Italian Rice and Vegetable Pie,2014-06-17,156525,4007,211
270,Cx2ARAdascM,Pumpkin Seed Brittle Recipe - Halloween Candy Special,2014-09-29,147358,4299,283
271,oN89UTfPhYQ,Blackberry Buckle Recipe - How to Make a Blackberry & Almond Buckle,2014-06-24,256855,8132,336
272,ZQCCcoh8qNs,Peach Pie - How to Make a Lattice-Top Peach Pie,2014-08-23,439349,12432,472
273,HMQjO3a1wig,Duck Fesenjan Recipe - Duck Stewed with Pomegranate and Walnuts,2014-12-07,273039,5543,469
274,DE8EnTymPso,Asparagus Tart Recipe - How to Make a Savory Asparagus Tart,2014-03-25,187059,4437,301
275,91WeE3GtADU,Pork Roast with Blueberry Port Sauce - Pork Shoulder with Port Wine and Fresh Blueberries,2014-07-11,165117,3482,268
276,20aZ1jcvRTE,Flank Steak Roulade Experiment - Stuffed & Rolled Beef Flank Steak Recipe,2014-04-02,173965,3095,207
277,RCqFYhip2Ys,Jerk Chicken Wings - Spicy Jamaican Jerk Hot Wings Recipe,2014-01-25,1398745,26425,1327
278,xKWQu9bHgkw,Spiced Apple Chutney - Homemade Sweet & Savory Applesauce Recipe,2014-10-10,169391,3332,254
279,PbnfTFUb5gc,Savory Ricotta Tart - Easy Herbed Ricotta Pie Recipe,2014-06-05,161460,4316,223
280,A4Pwi93UNVU,Broiled Chicken - How to Grill Chicken in the Oven,2014-08-04,475406,5850,386
281,EVuiTbde80k,Tomato & Mozzarella Salad with Burrata Cheese – How to Make the World's Sexiest Caprese Salad,2014-08-01,214980,5218,492
282,StBnr7bLu3M,"The Great Parmesan Experiment! – Yes, Even You Can Afford It",2014-09-09,298636,6431,1150
283,nPupiqnRh-A,How to Make a Brick Grill - DIY Temporary Brick Hibachi Grill,2014-06-19,2932775,34409,962
284,KHxlKnIS7pY,Grilled Stuffed Calamari - Grilled Sausage-Stuffed Squid Recipe,2014-06-13,398543,8069,438
285,hHYmOefRNLk,Bok Choy Rice - Easy Bok Choy Steamed Rice Recipe,2014-08-07,230375,5310,444
286,XksBLZVBQXA,Shaved Asparagus Salad with Fried Pastrami and Mustard Dressing - Raw Asparagus Salad,2014-03-17,88537,2197,186
287,Tb8lKl67RTo,"Beef, Bean & Beer Chili Recipe - How to Make Beef & Beer Chili",2015-06-12,815317,15364,841
288,T4IDl0ywnIs,Make Your Own Beef Jerky! How to Make Beef Jerky in the Oven,2015-02-24,2716459,61612,2935
289,AjziYjd2gpc,"Beef Rouladen – Beef Stuffed with Bacon, Onions & Pickles - How to Make Rouladen & Gravy",2015-05-12,1042043,19012,1125
290,vPO-wOlpN9I,Lobster Mac and Cheese Recipe - How to Make Lobster Macaroni and Cheese,2015-02-11,1510963,33531,1336
291,h6OSMbfhIao,"Greek Lemon Chicken & Potatoes Recipe - How to Make Greek Lemon, Garlic & Herb Chicken and Potatoes",2015-04-23,3688677,79711,2333
292,T06oh88VhiE,Red Beans and Rice - Creole-Style Spicy Red Beans & Rice Recipe,2015-02-17,1675215,35419,1784
293,hkPPn5ycsnc,Scotch Eggs -  Crispy Sausage-Wrapped Soft Cooked Egg - How to Make Scotch Eggs,2015-03-31,3354948,65294,3281
294,VUo3txpYqM4,"How to Make Prepared ""Hot"" Horseradish - Homemade Horseradish Recipe",2015-09-09,369581,6955,477
295,z2fp_rq7X2U,Cheese Blintzes - How to Make Cheese Blintzes with Fresh Berries - Brunch Special!,2015-04-29,1433126,47513,1257
296,EZe8WvC7gDo,"Demi Glace Part 2 - How to Use, Portion & Store Demi-Glace",2015-03-27,626453,11329,555
297,y-9hNSZWmZI,Beef and Barley Stew Recipe - How to Make Stewed Beef Shank with Barley,2015-02-02,443605,9762,428
298,foB6bxhZYF0,How to Make Falafel - Crispy Fried Garbanzo Bean/Chickpea Fritter Recipe,2015-03-07,4283979,77934,3281
299,AlRqh21CfHI,Roasted Butternut Squash Soup - Easy Butternut Squash Soup Recipe,2015-09-29,1111578,19142,917
300,hQgYj6y0IBg,Homemade Dill Pickles - How to Make Naturally Fermented Pickles,2015-08-18,1462144,32385,1981
301,aFaqxBXIM3E,Demi-Glace Recipe: Part 1 - Veal Stock and the Reduction,2015-03-25,1062109,14729,868
302,jjmTv5pzdu8,Chocolate Decadence Recipe - How to Make a Chocolate Decadence Cake,2015-02-05,661075,15842,611
303,NCNbnyU_1Ds,Bacon Cheddar & Spinach Strata - Bacon Cheddar & Spinach Breakfast Casserole,2015-11-13,442126,12494,484
304,WwoUA6Wf6hs,"Brandade - Hot Potato, Garlic, and Salt Cod Appetizer Spread",2015-02-27,742531,15394,817
305,Js1ztb9T3j0,Russian Tea Cakes - Easy Tea Cookies Recipe aka Wedding Cookies,2015-12-09,766810,23311,1195
306,yV-JLcOrXc4,Chili Verde Recipe - Easy Pork & Tomatillo Stew - How to Make Green Chili,2015-09-01,576466,12774,712
307,BDVg0u2YQ7Q,Honey Sriracha Chicken Wings and the Secret to Crispy Baked Wings!,2015-01-16,2941477,54983,2044
308,V52j_aPLhnQ,Fresh Raspberry Sauce Recipe - How to Make Fresh Raspberry Coulis - Valentine's Day Special,2015-02-06,573245,12053,463
309,utgL-3nOZbM,Orange & Milk Braised Pork Carnitas - How to Make Crispy Roast Pork Carnitas,2015-05-01,632679,13578,563
310,zPCxMvLU0tE,Rosemary Shortbread Cookies - How to Make Shortbread Cookies,2015-05-09,259583,7031,416
311,qbYbI-uGEyg,How to Plant a Culinary Herb Garden! DIY Kitchen Garden,2015-06-02,1635466,37882,1428
312,-fEvWJnSel4,Salted Caramel Custard Recipe - How to Make Salted Caramel Pots de Creme,2015-12-04,1115901,35692,1145
313,ifWWRZSWS18,Shakshuka - Eggs Poached in Spicy Tomato Pepper Sauce,2015-10-23,3557450,77364,3591
314,eFrEgyTZvV0,Easy English Muffins - How to Make English Muffins,2015-10-02,1025944,22236,1073
315,Tkzz9dW9Yms,Baked Stuffed Brie - Brie en Croute stuffed with Cranberries & Walnuts,2015-12-11,2175689,46571,1959
316,5KMVsL0uqBE,Spicy Caramel Chicken Recipe - How to Make Sticky Spicy Chicken,2015-08-11,586859,16601,765
317,vgs0gZTMIXM,Mini Philly Cheesesteaks Super Bowl Recipe - Yo! Bite-Sized Philly Cheese Steaks!,2015-01-21,583736,13696,579
318,kT5L7JYiPXA,Crunchy Spiced Chickpeas - How to Make Crispy Oven-Fried Garbanzo Beans,2015-03-18,418726,11302,536
319,RWIYCGVTNLM,Homemade Eggnog Recipe – How to Make Classic Christmas Eggnog,2015-12-23,1380034,33815,2118
320,QKOla0-aW5o,Baked Apple Roses - How to Make a Rose-Shaped Apple Tart,2015-05-15,2049951,35578,1145
321,xsLGFG-Ou9c,Deep-Fried Creamy Chicken Gravy - Extra Saucy Chicken Croquettes,2015-05-29,1095685,22608,939
322,Az2EOGbaTWU,Avgolemeno Soup Recipe - How to Make Greek Lemon Chicken Rice Soup,2015-03-21,432035,10007,594
323,y2Zousa-ptQ,Billionaire's Franks & Beans - Hot Dog and Bean Stew Recipe,2015-08-28,795435,20587,1152
324,wMNEWNbcuHI,Perfect Chocolate Chip Cookies - Easy No-Mixer Chocolate Chip Cookies,2015-07-24,1596916,45226,2019
325,jbBuxsvs_AE,Sausage Cheese Balls - Cheesy Sausage Biscuit Balls Recipe - Party Food,2015-12-18,878407,20489,795
326,YSJ110o5wp0,Roasted Apple & Parsnip Soup Recipe - How to Make Creamy Parsnip & Apple Soup,2015-01-08,205749,5307,281
327,oMUXF4eG4j0,Chicken Under a Brick - How to Make Chicken Roasted Under Bricks,2015-02-19,541573,9662,487
328,hr3M3BxbsTU,Pasta con le Sarde - How to Make Sicilian-Style Pasta with Sardines and Fennel,2015-01-13,699679,13797,808
329,wLTwaOiNWtg,Creamy Pork Stew - Pork Stewed with Cider and Cream - Easy Autumn Stew Recipe,2015-10-20,277491,5871,395
330,J8M4XZvX3jQ,Bacon-Wrapped Buffalo Meatloaf - How to Make Buffalo Bacon Meatloaf,2015-03-16,422409,7602,376
331,EUiV_0Acspc,Baba Ghanoush - How to Make Roasted Eggplant Dip & Spread,2015-07-08,2717611,48161,2533
332,sqL2napn9bc,Butter Puff Biscuit Dough - Shortcut Puff Pastry Dough,2015-06-23,1125251,26178,809
333,jEo9VXYVrxs,Best Macaroni Salad Ever - How to Make Deli-Style Macaroni Salad,2015-06-09,4796369,76545,3214
334,F_dYsfrBKZo,Peanut Curry Chicken  - How to Make Chicken with Peanut Curry Sauce,2015-09-15,1864534,38710,2094
335,_SMTu3-md3U,Tuscan Bean Soup Recipe - How to Make Bean & Crispy Bread Soup,2015-11-18,308606,8732,349
336,-E5_B2PemAI,Seabass a la Michele - Roasted Bass with Warm Potato Salad Recipe,2015-05-26,354588,8987,436
337,egJaWmlHWLI,Mocha Semifreddo - Rich Creamy Coffee Ice Cream with No Machine!,2015-06-18,1265373,55099,1554
338,v3tZCGZtA_g,"Poached Pear ""Belle Helene"" - Vanilla-Poached Pears with Chocolate Sauce",2015-09-19,525857,12031,416
339,5DgG62sln2Y,Dijon Mustard Recipe - How to Make Dijon-Style Mustard,2015-01-03,1085080,25778,1063
340,sjjPOx-IxQ8,"""Bluetons"" Crispy Blue Cheese Croutons - How to Make Blue Cheese Croutons",2015-01-09,177292,4516,236
341,nj23RE3qE68,Crispy Farro Cakes Recipe - How to Make Farro Cakes,2015-11-06,266146,5159,391
342,778827byReA,Pan Roasted Chicken Breast - How to Cook Chicken Breast,2015-10-27,610419,12717,540
343,Y1oZAmeO_Qk,Homemade Instant Hot Chocolate Mix - Last Minute Edible Christmas Gift Idea!,2015-12-24,325451,11308,507
344,uFvIs7MjUHA,Alabama-Style White Barbecue Sauce - How to Make White BBQ Sauce,2015-09-04,290128,7499,509
345,iqp73McdTTo,Irish Soda Bread Recipe - How to Make Irish Soda Bread - St. Patrick's Day Recipe,2015-03-10,386108,8543,481
346,OlNSmvy2dfo,Crispy Fried Boudin Balls - Cajun-Style Pork & Rice Sausage Recipe,2015-01-06,567045,10310,616
347,-XL6a4kFx-g,Turkey Flautas Recipe - How to Make Crispy Flautas - Thanksgiving Leftover Special!,2015-11-24,226881,5651,415
348,TIRPnatHrPs,Home Cured Holiday Ham - How to Make a Ham - Christmas Ham Recipe,2015-12-15,596013,10490,500
349,cajdSGcRpP4,Crab Rangoon - Crispy Crab & Cream Cheese Wonton Recipe,2015-10-06,1681949,40685,2206
350,kCXKmbN6OBU,Scallop Gratin - Fast & Easy Broiled Scallop Gratin,2015-03-12,392066,8578,336
351,K9cJSFUArnA,Buckwheat Pancakes - How to Make Buckwheat Flour Pancakes - Gluten-Free Pancakes,2015-03-02,249185,5730,444
352,I0z60NvyEv8,Classic Strawberry Shortcake Recipe - How to Make Strawberry Shortcake,2015-05-21,387886,10821,430
353,JKFXc-BX4KA,Smoked Trout Schmear - Easy Smoked Trout Spread Recipe,2015-09-11,184166,4106,271
354,JJW7thZxkpw,Spring Vegetable Frittata Recipe - How to Make a Baked Frittata,2015-04-21,356311,8127,307
355,RT9gy4oDXJk,Farro with Wild Mushrooms Recipe - How to Cook Farro - Ancient Grain Side Dish,2015-02-21,175219,3871,261
356,xN-AvNQcsRA,Sweet Potato Burger & Slider Buns - Make Your Own Hamburger Buns!,2015-06-29,824705,19883,753
357,Fac_E67gUFI,Easy Gingersnap Cookies - How to Make Crispy or Chewy Gingersnaps,2015-11-03,406422,11941,508
358,yikqwU8IlDs,Bacon & Egg Doughnuts - Beignet-style Bacon and Egg Fritters - National Doughnut Day Special,2015-06-05,477014,12556,459
359,V1XzgX2eiYY,Borscht-Braised Beef Short Ribs - Beef Short Ribs Braised with Beets,2015-09-25,186918,4424,290
360,a-5_DpWvZDg,Baked Alaska with a Lighter! How to Make Baked Alaska Ice Cream Cake,2015-02-13,897834,20110,771
361,Nr2uRB8lEfY,"Grilled Flank Steak ""Pastrami"" - Pastrami-Spiced Beef Flank Steak",2015-08-07,374192,7360,374
362,hAiBHQpkHFY,Whole-Grain Blueberry Scone Recipe - How to Make a Blueberry Scone,2015-04-25,198455,5713,254
363,kzo7fi67V44,Spelt Pizza Dough Recipe - How to Make Pizza with Spelt Flour,2015-04-04,191870,4716,279
364,le9ILVh1okM,Calzone Recipe - How to Make a Calzone - Ham and Cheese Stuffed Pizza Bread,2015-07-10,2926698,48573,2270
365,o5U5Zppu47s,Turkey & Rice Meatballs - How to Make Albondigas,2015-11-20,269641,6423,364
366,Iku7cnIplEg,Braised Lamb with Radishes & Mint - Basque-Inspired Braised Lamb Shoulder,2015-05-22,237686,5606,262
367,8Ia10OMvJWM,Tahini Sauce Recipe - How to Make Tahini Sauce,2015-03-05,1093901,13384,715
368,8bGVBM7KzjY,"Hot Dog Sausage aka ""Hot Dogage"" - How to Make Fresh Hot Dog Spiced Sausage",2015-05-18,447046,8792,435
369,sPVsnfVuN7c,Peach Financier Recipe - How to Make Peach Almond Cakes,2015-08-21,209260,5992,324
370,mh66IUrrNH0,"""Loaded Baked Potato"" Dip Football - Super Bowl Dip Recipe",2015-01-23,282908,6072,446
371,mB6SCdnXFrE,Grilled Garlic & Herb Shrimp - How to Make Grilled Garlic Herb Shrimp Skewers,2015-06-04,596701,12170,419
372,mVx__t6hexY,Teriyaki Burgers - Teriyaki-Flavored Burger & Slider Recipe,2015-06-26,356709,7550,370
373,VIUADjbHdNM,Bagna Cauda - Hot Garlic & Anchovy Vegetable Dip Recipe - Fancy Super Bowl Dip,2015-01-30,158087,3007,289
374,PZFI2bqWEF8,Sweet Potato Muffins - How to Make Sweet Potato Muffins - Holiday Muffins,2015-11-10,206668,5898,394
375,jK1Rp7U8Uf0,"Easy ""Peking Duck"" Lettuce Cups - Crispy Duck Lettuce Wraps Recipe",2015-09-22,166298,4311,315
376,bq5lwrZkEjk,Lamb & Rice Stuffed Grape Leaves - How to Make Dolmas,2015-05-04,279828,6279,750
377,28j4gn8LGKM,How to Make Crepinettes - Pork Sausage Patties with Apricots & Pistachios -  Crepinette Recipe,2015-12-01,338413,6738,449
378,foTy--iKmQ0,Waldorf Salad - How to Make a Waldorf Fruit Salad Recipe,2015-10-29,600244,10329,730
379,HvYhQwIBc7Y,Spring Rolls - How to Make Fresh Spring Rolls - Rice Paper Wraps,2015-08-25,1030064,14447,954
380,WCUBhS42eTg,Potato Leek Soup Recipe - How to Make Vichyssoise,2016-11-04,689068,14693,297
381,e-KvT1l-5AI,How to Make Sandwich Rolls - Easy French Rolls Recipe,2016-01-20,1424468,34336,1182
382,lp99sLpygOE,Sausage Pasta Fazool (Pasta e Fagioli Recipe) - How to Make Pasta Fazool,2016-10-12,693864,18411,449
383,EX82bjwF1wI,"""Cheater"" Chicken Demi-Glace - How to Make Demi-Glace without Veal Bones",2016-05-24,596135,12484,801
384,9C-vBXhaRgE,New & Improved Chicken Parmesan - Chicken Parm Recipe,2016-04-01,2202786,41309,1997
385,2TJMqmscRS8,Pasta alla Genovese - Rigatoni with Genovese-Style Meat Sauce,2016-03-30,1355975,26548,1597
386,sPKWYM8-YgY,Easy One-Bowl Hollandaise Sauce - How to Make Perfect Hollandaise in One Step,2016-04-29,290592,7389,575
387,5EKw4k8hkHA,"Chicken, Sausage, Peppers & Potatoes - How to Roast Chicken, Sausage, Peppers & Potatoes",2016-10-22,1823500,44391,509
388,yNgna9mZoa4,Pork Osso Buco - Braised Pork Shanks Recipe,2016-11-02,548570,11267,274
389,84zkT4FIaOk,How to Make a Butter Sauce - Beurre Blanc - French Butter Sauce Recipe,2016-04-07,1314500,20050,887
390,-LnK51yULck,Apple Fritters Recipe - How to Make Apple Fritters,2016-10-01,2652232,72270,473
391,lVD7aVl4570,"Perfect Pork Chops - How to Make ""Dry-Brined"" Pork Chops",2016-04-26,517693,10413,513
392,ZL2zcbmmKYw,One-Pot Chicken & Sausage Orzo - Fast & Easy Pasta Recipe,2016-01-05,522056,13927,665
393,XGCY9Cpia_A,A Tale of Two Salts - Difference Between Table Salt & Kosher Salt in Recipes,2016-07-06,1954910,34929,913
394,1M1RB2wDVLA,Parmelet - Crisp Parmesan Omelet - Easy Cheesy Inside-Out Omelet Technique,2016-09-07,957088,27434,684
395,IuPGQY0nEkI,Steak Diane Recipe - How to Make a Steak Diane,2016-05-20,2238910,36705,1922
396,VxRFksUEHbA,Baked Reuben Dip - How to Make Hot Reuben Dip - Football Food,2016-01-29,342008,8617,491
397,SOb4_IUt3SM,Classic Guacamole Recipe - How to Make Guacamole Like a Guacamaster,2016-09-17,1363310,31749,784
398,uOL-IgFC61c,Cassoulet - French White Bean & Meat Gratin - Cassoulet de Toulouse Recipe,2016-03-02,1066496,17705,998
399,ocgn6uIzxsU,"Tartiflette Recipe - French Potato, Bacon, and Cheese Casserole",2016-03-11,1861443,42077,2526
400,yQ0BckqlDZA,Vanilla Bean Pastry Cream Recipe - How to Make Pastry Cream Filling,2016-12-03,602544,15819,275
401,DYk7pN1q-Ok,Roman-Style Gnocchi - Gnocchi alla Romana Recipe - Baked Semolina Dumplings,2016-10-25,977360,26310,276
402,9VxgatSjVQE,Béarnaise Sauce Recipe - How to Make the Best Béarnaise,2016-12-14,1770618,29504,330
403,xpB_9NRS7Fk,Torrone (Italian Nut & Nougat Confection) – Great Valentine’s Day Treat!,2016-02-13,3152117,85816,3597
404,3hx247WvycE,Kumquat Marmalade Recipe - How to Make the Ultimate Marmalade,2016-04-23,307483,6808,517
405,Q6YG0vSfVb4,"Chicken à la King Recipe - Creamy Chicken, Mushroom, and Pepper Gravy",2016-09-14,517469,12362,539
406,94yek28_Z50,Potato Roses - How to Make Rose-Shaped Potato Gratins,2016-06-18,837953,15634,350
407,Xv9AeLgslPQ,Chorizo Steamed Clams Recipe - How to Make Spanish-Style Clams with Chorizo Sauasge,2016-01-22,212490,5524,412
408,mdtMNSJrrMc,Deviled Lobster Tails - Spicy Broiled Lobster Tails Recipe,2016-12-16,234294,6121,276
409,KlmrsgN0Rqg,Bacon Jalapeno Popper Puffs - How to Make Jalapeno Popper Puffs,2016-02-05,1233038,30180,1239
410,4zcgyX_cS2A,Pecan Sour Cream Coffee Cake Recipe - How to Make a Crumb Cake,2016-04-05,682577,24177,1049
411,6W-WjnEL5p0,Candied Yams Recipe - How to Make Candied Yams for Thanksgiving,2016-11-22,238272,6005,170
412,zoLn6ijPCLE,Paper Pork - Slow Roasted Pork Shoulder Cooked in Parchment - Pulled Pork Recipe,2016-08-19,650945,14141,469
413,QXzlnM9q9A0,Grilled Bacon Meatloaf Burger - How to Make Bacon Meatloaf Burgers,2016-08-31,360549,9574,411
414,6Xo620bfUdw,Grilled Mojo Beef - Cuban-Inspired Marinated Skirt Steak Recipe,2016-07-26,925386,22136,447
415,5dv98FYcF6A,Pan-Roasted 5-Spice Pork Loin - Easy 5-Spice Pork Recipe,2016-01-13,300943,7280,295
416,3xgndb0BjbY,Oxtail Ragu Recipe - How to Make Pasta Sauce with Oxtails,2016-02-19,488720,10002,782
417,GPFHv5SKbZ4,"Soft Hard Boiled Eggs - How to Steam Perfect Hard Boiled Eggs with Soft, Tender Yolks",2016-08-03,780565,17166,515
418,JMTdjm0gGcM,Zabaglione - Italian Warm Custard & Fruit Dessert - Valentine's Day Special!,2016-02-10,1189106,31383,1284
419,Uo6cmWueq9c,Pizza Dough Pretzels - How to Make Soft Pretzel Rings with Pre-Made Pizza Dough,2016-09-20,304642,7662,379
420,Vau9wKSZOCI,"Baking Bacon for Perfect BLTs! How to Bake Bacon for Bacon, Lettuce & Tomato Sandwiches",2016-08-12,707251,17429,635
421,IRUkJ0e3LQg,Creamy Corn Pudding Recipe - How to Make Classic Corn Pudding,2016-11-18,851752,26889,267
422,kehS5f3Fe5I,"Make Your Own Sports Drink!  How to Make ""Greaterade"" - Homemade Sports Drink Recipe",2016-03-08,1723989,48000,2981
423,qfOxQOoUdJI,Eastern North Carolina-Style Barbecue Sauce - North Carolina Vinegar Pepper BBQ Sauce Recipe,2016-08-23,281153,5640,259
424,QR2eyFuMjig,Buttermilk Panna Cotta - How to Make Panna Cotta - Chilled Italian Dessert,2016-06-25,452744,11511,413
425,2sxZ4q2czBM,"Bacon Asparagus ""Dutch Baby"" Recipe - How to Make a Baked Bacon & Asparagus Pancake",2016-06-10,268252,7114,413
426,LDyyAb6lB48,Clotted Cream - How to Make Clotted Cream - Devonshire Cream Recipe,2017-04-05,1755778,45755,898
427,1FkGX3xGlog,Sourdough Bread - Part 1: The Starter,2017-08-30,938326,19382,1266
428,7qmt9rup6_I,Peposo - Tuscan Black Pepper Beef - Food Wishes,2017-11-18,1786045,43809,2410
429,0TKzJZQc6fI,Tourtiere - Holiday Meat Pie - Food Wishes,2017-12-09,1233775,29096,2434
430,EM6_HAiUIlA,Quick & Crispy Home Fries - How to Make Crispy Diner-Style Home Fries,2017-04-29,1997628,54396,791
431,3ImE5jhnOt8,Cider-Braised Pork Shoulder - Pork Stewed in a Creamy Apple Cider Sauce,2017-09-28,643882,15509,738
432,e2Oxg9pawgs,Delicata Squash - How to Prep and Cook Delicata Squash - Healthy Holiday Snack,2017-09-30,299169,7934,478
433,hqUICwSg9So,Buttermilk Pie - Southern-Style Buttermilk Pie Recipe,2017-10-25,1307670,38230,1929
434,HPefVdIO9ok,Pork Saltimbocca - Food Wishes,2017-11-10,835918,16527,828
435,VQxaT07uB7A,Sloppy Dip - How to Make a Hot Sloppy Joe Dip - A Super Bowl of Dip Recipe,2017-01-28,2664962,70515,487
436,FYhGu1W8iGc,Lobster Thermidor - Food Wishes - Fancy Lobster Gratin,2017-12-20,632155,15370,851
437,Qr2FlrUBs4E,Cuban Bread Recipe - How to Make Cuban Bread for Cubano Sandwiches,2017-01-18,768511,18341,306
438,9soLlXPL4zM,Croissants - Food Wishes - Crispy Butter Croissants,2017-12-02,1074074,22755,1252
439,WytffmZQGwA,Sourdough Bread - Part 2: The Loaf,2017-09-02,695556,16125,1064
440,qXPhVYpQLPA,"French Omelette - How to Make Soft, Buttery French-Style Omelets",2017-04-14,5624186,96960,790
441,uRWkUiGI-T4,Chicken Tinga Recipe- Spicy Mexican-Style Stewed Chicken in Chipotle Sauce,2017-09-13,1083114,24813,1019
442,unR-MpB1l2k,Classic Rice Pudding - Old Fashion Creamy Rice Pudding Recipe - One-Pot Method,2017-03-01,2414994,58890,360
443,Pm0JqeChb_Q,Norwegian Butter Sauce Recipe - How to Make Sandefjordsmør,2017-02-14,1802041,42450,476
444,Ams-Sb4l2iE,Homemade FIlo or Phyllo Dough - How to Make a Phyllo Dough Recipe from Scratch,2017-07-22,853736,18151,879
445,MB5LAU5z9gk,Caldo Verde - Portuguese Sausage Kale Soup - Food Wishes,2017-11-15,531860,16362,1239
446,43VW2QK4-vc,Butternut Bisque - Food Wishes,2017-12-13,331451,9680,633
447,3WPTSr6elhA,Strawberry Jam Recipe - How to Make Fresh Strawberry Jam - Strawberry Preserves,2017-04-08,554262,18075,580
448,-3QpjqHRG5Q,Brazilian Fish Stew - How to Make a Moqueca-Style Fish Stew,2017-02-08,452263,13359,414
449,71ZJRshrEJM,Butcher's Steak (aka Hanger Steak) - How to Trim and Cook Butcher's Steak,2017-06-17,1247145,25066,1531
450,gEG8G4WuZXs,Spanish Farro Recipe - How to Make Spanish Rice with Farro,2017-01-25,284958,6874,229
451,FWqfkUEWOTg,Chocolate Soufflé - How to Make Chocolate Soufflé for Two,2017-02-11,1650334,32295,449
452,Oqg_cO4s8ik,Bigos - Polish Hunter's Stew Recipe,2017-10-31,686681,19759,1668
453,DfObqgc0TnQ,Lebanese Mountain Bread - How to Make Lebanese-Style Flatbread,2017-07-11,1231277,30201,1623
454,mEoHfOlIvC8,Pâté de Campagne Recipe – How to Make a Country-Style Pâté,2017-01-13,907034,18489,325
455,kCJcD7fYPWg,Smashed Cucumber Salad Recipe - How to Make the World's Most Addictive Cucumber Salad,2017-05-31,842620,23519,1196
456,y1kpQv_m0b0,The Cuban Sandwich - How to Make a Cubano Sandwich,2017-01-21,2223642,41230,421
457,5XZV2BcFaQ8,"Eggplant ""Bacon"" - Crispy Bacon-Spiced Eggplant Chips",2017-03-15,529307,16009,516
458,8ttSBO0SnsU,Lemon Ricotta Pancakes - Easy Lemon Pancakes Recipe,2017-03-29,444366,14773,618
459,m0HScGnhMPA,Crisp Peach Cobbler - How to Make the Crispiest Peach Cobbler,2017-07-01,1043992,35014,1519
460,LJ97_x_x2HA,Broccoli Soup Au Gratin - Cheesy Broccoli Soup Recipe,2017-01-08,653761,18377,370
461,Lwn97mpBCu8,Spätzle Recipe - How to Make Spätzle or Spaetzle (Tiny German Dumplings),2017-09-22,1197069,28358,2130
462,hYekIwvYbAw,Charred Broccoli Beef Recipe - How to Make Broccoli Beef at Home,2017-01-11,433666,10678,362
463,V-nzJtAJLL4,Perfect Potato Salad - How to Make a Classic American Potato Salad Recipe,2017-06-03,944985,21867,302
464,WLReZVMRdw4,Picadillo - How to Make a Beef Picadillo Recipe,2017-02-22,387780,8959,408
465,CSsRx72M9BA,Calamari Marinara - Tender Calamari in Tomato Sauce Recipe,2017-04-26,481430,11460,459
466,q4wmoIx7NLc,One-Step Chicken Soup - Dump and Simmer Chicken Noodle Soup for Lazy Sick People,2017-02-18,334190,10234,331
467,WNX6ti-8K6o,Rice-Ah-Roni - Rice and Pasta Pilaf Side Dish Recipe,2017-08-25,460414,13812,831
468,yG-c9eXjTkM,Savory Coconut Rice Recipe - How to Make a Coconut Rice Side Dish,2017-05-05,347516,9552,662
469,BVZGpeZjDiA,Coconut Cream French Toast - How to Make Coconut French Toast,2017-01-04,308241,8827,366
470,OTYpUwB6qjs,Frozen Vanilla Custard - French Vanilla Ice Cream Recipe - How to Make Custard Style Ice Cream,2017-05-24,798228,20470,1064
471,o1xg1ntqSHU,Rigatoni Al Segreto - Rigatoni with Secret Sauce - Gino's Rigatoni Al Segreto,2017-08-19,1524778,40868,1859
472,pju0OACe0FI,"Apple Butter - Easy ""Apple Pie"" Spread - Food Wishes",2018-09-08,569523,21851,1298
473,UcqzDbB-9tI,Lemon Pepper Potatoes - Food Wishes,2018-09-11,2765404,62570,2325
474,lxwJpK8n9f4,Bourbon Pepper Pan Sauce - Food Wishes,2018-06-12,698767,16650,765
475,A1lsTLs-iZg,Cast Iron Cornbread - Honey Butter Cornbread - Food Wishes,2018-08-17,641751,17916,1159
476,rMCPHFTf5YU,The Hot Brown - Food Wishes - Kentucky Hot Turkey Sandwich,2018-01-20,831879,18439,1117
477,a87btDiR7YA,Madame Cristo - Grilled Ham & Cheese - Food Wishes,2018-05-08,1071587,30091,1464
478,Px7pLdUM8BY,New England Clam Chowder Dip - Food Wishes - Football Food,2018-01-31,362295,9511,761
479,r5B5WmzdBKU,The Denver Omelet - Food Wishes - American-Style Omelet,2018-01-09,761501,18619,1512
480,qBw5wCs4keQ,Sticky Garlic Pork Chops - Food Wishes - Garlic Pork Chop Recipe,2018-01-24,1057670,28331,1503
481,RLMPluwPJ_4,Tuscan Fish Stew - Food Wishes,2018-09-05,345550,11006,586
482,V1iLAJVFuHk,Fried Cheese Egg Toast - Food Wishes,2018-05-18,347108,13277,691
483,myHg8ulY6To,Feta Roast Chicken - Food Wishes,2018-09-15,248672,7644,613
484,54uasXDGEt8,Perfect Thumbprint Cookies - Food Wishes,2018-12-14,611666,23428,1010
485,hEdtudt2mos,Carrot Cake - Food Wishes,2018-03-24,615531,21954,1381
486,l7Q0TSnCiFU,Poutine – Beef Gravy Fries & Cheese – Food Wishes,2018-07-25,878293,24260,2250
487,_6YGrmbTWxE,Pig in a Pumpkin - Pork Braised in a Pumpkin - Food Wishes,2018-10-26,475117,17709,1239
488,CG4iYD2L_D0,Crispy Garlic Breadcrumb Chicken - Food Wishes,2018-10-30,398292,12456,611
489,k3uxvfuu4oA,Grilled German Potato Salad - Food Wishes,2018-08-14,694011,20721,1322
490,VCDXt8MAvYs,Philly Cheese Steak Dip - Food Wishes - Football Food,2018-01-26,969332,26222,1837
491,kDZDYgaonjo,The Ultimate Berry Crumble - Food Wishes,2018-05-02,1162193,39906,1426
492,CwwWWjllLJ8,Sweet Potato Souffle - Food Wishes,2018-10-23,190929,7144,382
493,ZuFsunQGK68,Baked Potato Puffs -  Food Wishes,2018-10-16,1353649,39053,1512
494,5ysExIzN9fQ,Big Fat Greek Salad - Food Wishes,2018-09-01,473020,15286,778
495,gVxO4eAlmew,Homemade Italian Sausage - Food Wishes,2018-06-02,618427,15441,903
496,g4zDucHBppE,Pouding Chomeur – Unemployed Man's Pudding – Food Wishes,2018-07-28,633683,22067,1508
497,qG8yiRqS-DM,Sausage & Kale Black Lentil Stew - Food Wishes,2018-10-06,162010,6081,490
498,4I5R1Y55kaA,Grain-Free Butter Bread - Food Wishes,2018-05-30,343488,13868,1026
499,MH2f5C0z0Kg,How to Make Corn Tortillas - Food Wishes,2018-02-24,684523,18228,1373
500,XluCtoad7d4,Detroit-Style Pizza - Food Wishes,2018-09-29,1280813,32430,2616
501,uxbS6j1B1Ps,Chinese Scallion Pancakes - Food Wishes,2018-02-17,1266230,33181,1504
502,099qXDYutyg,Portuguese Custard Tarts (Pasteis de Nata) - Food Wishes,2018-11-02,2031678,50481,2439
503,wMO0-r6oqXc,Spanish Garlic Shrimp (Gambas al Ajillo) - Food Wishes,2018-06-20,1062557,25097,1082
504,srTrn7se45Q,Chocolate-Dipped Coconut Macaroons - Food Wishes,2018-07-18,228039,9248,575
505,eE4OvP2Jiuk,Creamy Chicken Toast - Food Wishes,2018-08-22,359739,11094,660
506,80fT7fyA6Zg,Deviled Ham Spread - Food Wishes - Party Food,2018-02-02,230348,7170,614
507,mF6vwuGWQZU,Beef Pirozhki - Food Wishes - Russian Meat Donuts,2018-03-07,1147480,32733,2950
508,aB05HgJ4ylk,Romesco Sauce - Food Wishes,2018-06-22,398317,10214,693
509,5fA8K4moXdI,Airline Chicken Breast (Enhanced) - Food Wishes,2018-08-08,526315,13841,804
510,eq_sTI9u0Xg,Honeycomb Toffee - Homemade Sponge Candy - Food Wishes,2018-10-02,744661,23002,1441
511,Kr5YI8PD5ic,Green Chicken Chili - Food Wishes - Chili Recipe,2018-02-20,311143,8996,633
512,6e_6xeTWezE,Cabbage Patch Halibut - Fish Roasted in a Leaf - Food Wishes,2018-08-29,133297,5183,390
513,iGbIhF_Ky2E,The Perfect Margarita - Food Wishes,2018-05-04,277665,9381,756
514,dk--eGYUD6w,Barbarian Beef - Cooking on Coals - Food Wishes,2018-05-16,557546,16495,995
515,z2FyAvKZ2Zc,Creamy Ricotta Pasta Sauce - Food Wishes,2018-04-21,395644,12210,530
516,_933Sthfx5c,Lemon Gingersnap Posset - Easy Lemon Pudding - Food Wishes,2018-11-28,111514,5268,371
517,qc2iiIXhCUg,Lemon Jalapeño Marinated Mussels - Food Wishes,2018-06-29,173419,5636,244
518,O_mDWTIWdAA,Beer-Braised Lamb Shanks - Food Wishes - Spring Lamb,2018-03-14,337243,7955,475
519,kfzi5Jcse98,Sicilian Christmas Pizza (Sfincione) - Food Wishes,2018-12-11,661336,18641,987
520,L7M3i7iUDIE,Easy Cheese Soufflé - Food Wishes,2018-03-03,346877,10732,585
521,peeLzc4KrYU,American Goulash (One-Pot Beef & Macaroni) - Food Wishes,2019-08-16,692186,25118,2102
522,VZckD_bZlso,Garlic Noodles - Food Wishes,2019-02-15,1496048,47880,1990
523,3FpcOohn4bI,Potatoes Romanoff - Steakhouse Potato Gratin - Food Wishes,2019-10-11,2072505,58209,2319
524,6c4t3bkGeDY,"""Instant"" Mac & Cheese - One-Pan, No-Bake Mac & Cheese - Food Wishes",2019-03-19,461615,20490,1083
525,pMQ2I63uI80,Tuscan Onion Soup (Carabaccia) – Food Wishes,2019-01-23,725996,20815,953
526,9YeugKfGpCE,Sausage Mushroom Chicken - Food Wishes,2019-05-01,352454,12138,561
527,bSdLdq9AOb0,Ba'corn (Cheesy Bacon Corn Gratin) - Food Wishes,2019-07-03,587158,23022,1090
528,LgVoUjU_r34,Yorkshire Pudding (Roast Beef Fat Pastry) - Food Wishes,2019-09-25,466618,17480,1534
529,B0grh4I1NBU,The Best Beef Tri Tip - Roast Beef - Food Wishes,2019-07-19,348601,9808,525
530,EVrYhVPipwA,Million Dollar Dip - Food Wishes,2019-06-11,1022737,32264,1346
531,RK7AAI6Zicw,Kouign-Amann - World's Most Difficult and Best Pastry - Food Wishes,2019-03-05,1168791,33027,1818
532,RvmHHy6HiXA,Samosadilla (Samosa Quesadilla) – Food Wishes,2019-01-12,1260993,36597,1815
533,Un72M6UQDsI,Easy Chicken Enchiladas - Food Wishes,2019-08-09,845777,27435,1403
534,JrWwFIdsWXg,Folded Pork Cutlet (Layered Pork Katsu) – Food Wishes,2019-01-16,379626,13655,836
535,H1y1t6hY3qY,Mississippi Beef Short Ribs - Food Wishes,2019-02-27,421774,13025,720
536,Ot-dmfBaZrA,"Beef Rendang - Spicy ""Dry"" Curry Beef - Food Wishes",2019-01-19,1130461,31048,2123
537,l6Q2QMbEgZk,Chef John's White Bread - Food Wishes,2019-05-07,309447,11685,914
538,KP9Xg92ckI4,Roasted Smashed Potatoes – Food Wishes,2019-11-19,790228,28937,1357
539,VnVrFVYo2Uw,"""Burnt"" Basque Cheesecake - Food Wishes",2019-02-13,835470,25507,1243
540,xQH83dH6vWQ,Easy Baked Beef Brisket - Food Wishes,2019-04-17,507430,14889,735
541,TAQhbyGXxN8,Knishes - Potato & Corned Beef Knishes - Food Wishes,2019-03-16,944389,23966,1281
542,nJVrHzSYW3g,Ropa Vieja (Cuban Braised Beef) - Food Wishes,2019-03-27,486786,14633,854
543,li6PFAMKDTA,Hot & Sweet Mustard Slaw - Food Wishes,2019-05-29,162297,6564,348
544,WnsWgfL3j7Y,Popeye's & Chick-fil-A Hybrid Fried Chicken Sandwich - Food Wishes,2019-10-30,1100566,32825,2381
545,1q576aZQICU,"Baked ""Fried"" Rice - Easy Fried Rice in the Oven - Food Wishes",2019-03-23,536876,19745,964
546,doi4pPn1Bh8,Crispy Beer Batter Fish & Chips - Food Wishes,2019-04-23,1370214,35135,2625
547,wpuLqnK8ywg,Turkish Eggs (Cilbir) - Food Wishes,2019-11-12,1210703,40934,1946
548,3HyqLEoP1q4,Queso Dip - Mexican-Style Warm Cheese Dip - Food Wishes,2019-01-30,600114,20229,956
549,qDZMoyG7GrA,Loco Moco - Hawaiian Gravy Burger on Rice - Food Wishes,2019-04-06,804521,25830,1424
550,vTXtt3vmJmI,Brazilian Cheese Bread (Pão de Queijo) – Food Wishes,2019-01-09,417447,15634,1052
551,AP6MrJY5dgI,Grandma's Peanut Butter Fudge - Food Wishes,2019-10-18,400874,17296,938
552,m1UgkRx6mWU,Pork Agrodolce (Italian Sweet & Sour Pork) - Food Wishes,2019-02-08,201129,7007,435
553,wXtPoTDZvmM,Creamy Cashew Chicken - Easy Chicken Curry - Food Wishes,2019-02-22,618848,20923,928
554,KxezIlQz1KY,5-Minute Fisherman's Stew - Food Wishes,2019-09-13,275183,10465,657
555,IFfaoNxhvmc,Dry-Aged Prime Rib - How to Dry-Age Beef - Food Wishes,2019-09-21,632104,14798,1409
556,RrW432hGv0E,My Big Fat Greek Baked Beans - Food Wishes,2019-03-03,287437,10562,693
557,Y4VflUOUTsY,Dirty Dirty Rice - Food Wishes,2019-10-25,564332,17282,1267
558,BZxLf9-pYzk,Crispy Bloomed Onion (No-Fry Bloomin' Onion) - Food Wishes,2019-07-16,356811,14222,840
559,wmbpOb9neLY,Garlic Naan - Easy Garlic Flatbread - Food Wishes,2019-02-20,2990006,87417,4003
560,hX96OkPAQSw,Pear Clafoutis - Food Wishes,2019-09-11,208337,7502,509
561,zTvdmgLEXpk,Fast Upside-Down Turkey – Food Wishes,2019-11-22,297870,10219,813
562,n4u209kRkdM,Bacon-Wrapped Cranberry Walnut Pork - Food Wishes,2019-10-15,157377,7022,473
563,0DPCIlGloJA,Italian Party Bread - Meat & Cheese Stuffed Wreath - Food Wishes,2019-12-03,357828,14527,791
564,I6_2AW2edsM,Miso Braised Beef - Food Wishes,2019-10-22,263169,11101,677
565,UZq602vKGUg,Crispy Yuca Fries (Fried Cassava) – Food Wishes,2019-01-05,264986,8273,893
566,UXglMPMsAtA,Summer Sausage - Food Wishes,2019-07-09,824922,24598,1239
567,_U_qCdcnPzY,Meatball-Stuffed Garlic Bread Sliders - Food Wishes,2019-01-03,702337,25651,1072
568,yHQ-FkiP5Ws,Russian Honey Cake – Food Wishes,2019-11-15,1326532,45265,2323
569,CFCiUstuo8I,Salisbury Steak - TV Dinner Style - Food Wishes,2020-07-14,1340013,46407,2474
570,_YYF9vBLzGU,"""State Fair"" Lemonade - Best Lemonade Ever - Food Wishes",2020-08-14,1081970,61681,3122
571,zd0UMZ1btKc,Tuna Noodle Casserole - Food Wishes,2020-05-15,502929,20394,1274
572,38eZJV6yqMc,Hungarian Potato and Sausage Soup - Food Wishes,2020-03-20,519182,20472,1228
573,YVxASSr6B_Q,The Best Baked Rice and Beans - Food Wishes,2020-03-24,481663,23709,1477
574,LA548B4UGRw,The Best Baked Ziti - Food Wishes,2020-09-22,759627,28672,1694
575,1-G5XQXpXxs,Firehouse Chili & Cornbread Casserole - Food Wishes,2020-02-28,364874,13949,888
576,Og1cdmqs9ko,Korean Street Toast - Food Wishes,2020-12-01,788520,38011,2076
577,qXv5OOj9BT4,Shelter-in-Place Salmon Loaf - Food Wishes,2020-03-27,188691,8488,872
578,m457svJVDQw,Chicken a la Crema - Food Wishes,2020-03-17,379123,13753,595
579,7ldBqF6y02U,Butterscotch Budino - Italian Pudding - Food Wishes,2020-07-21,319993,16854,693
580,DeYvfSLYWOE,Red Lentil Soup with Lemon Mint Yogurt - Food Wishes,2020-02-18,191983,8879,529
581,NBsBiECwjg8,Italian White Bean & Sausage Stew - Food Wishes,2020-04-24,225106,9953,547
582,qqKNH2HRbD4,Beef Birria - Mexican Stewed Beef,2020-10-27,445387,18450,986
583,sc4kGLJWkJE,Hot Buttered Rum - Food Wishes,2020-12-08,264670,15329,853
584,Pfdyuz30oQU,Salt & Pepper Spare Ribs - Food Wishes,2020-06-18,430369,14536,749
585,oPp6dtmiGo0,Cloud Eggs - Food Wishes,2020-05-05,424574,18681,870
586,5JXJqPG1f5E,Air Fryer French Fries - Food Wishes,2020-02-04,1001083,20790,1146
587,6jzi1wzYVR4,Chef John's Whiskey Sour - Food Wishes,2020-06-09,211032,9444,724
588,JWiGJF_F830,Blueberry Dutch Baby - German Pancake - Food Wishes,2020-04-17,307579,13369,734
589,aKuWgCY2Owc,Stuffed Pork Chops - Food Wishes,2020-07-17,380338,13311,598
590,vckGHwKd2d8,Sticky Buns - Food Wishes,2020-03-13,385558,16391,869
591,wZmGgx2WkNw,Easy Beef Wellington - Food Wishes,2020-12-11,656636,20292,1043
592,v8_jETxawvw,Baked Chicken Parmesan Dip - Food Wishes,2020-01-03,424028,18704,751
593,yHxcfwQ225Y,Baked Apple Cider Donuts - Food Wishes,2020-11-10,268407,14429,831
594,JhkZipJpKOw,Scrambled Egg Omelet - Food Wishes,2020-07-31,295996,13740,777
595,dNwIGKFvDYc,"Loaded Butternut Squash ""Cordon Bleu"" - Food Wishes",2020-10-23,270903,12884,833
596,5zzKwlSryOE,Chef John's Apple Dumplings - Food Wishes,2020-02-07,289626,11151,652
597,7rWeCYdtkwI,No-Knead Country Bread - Food Wishes,2020-03-31,384680,15325,999
598,YgYjMFH80ps,Cincinnati-Style Chili - Food Wishes,2020-01-24,416467,14363,2121
599,jNzOoGCkiSI,St. Patty Melt (aka St. Paddy Melt) - Food Wishes,2020-03-10,560206,21449,1268
600,h3GN_W2kVrA,Buffalo Chicken Wings in a Jar - Food Wishes,2020-01-17,405034,14756,862
601,37UB_7q9c7M,Honey Mustard Roast Chicken - Food Wishes,2020-04-03,322166,13210,694
602,DQ48ndmXIa8,All-American Barbecue Sauce - Food Wishes,2020-06-16,329507,12667,650
603,7Vu1i94l2Js,Jamaican Brown Stew Chicken - Food Wishes,2020-10-02,315561,13470,878
604,9r_EWx06Wdg,Hawaiian Garlic Shrimp Scampi - Food Wishes,2020-06-26,452004,16438,1113
605,vIuxF39HPHI,Classic Green Beans Au Gratin - Food Wishes,2020-11-24,191104,9831,498
606,hS8UdRIaPJM,Whole Plum Tart (FAIL) - Food Wishes,2020-07-07,166826,10811,1295
607,bIr5BaqghKM,Gravy Stuffed Stuffing Muffins - Thanksgiving Stuffing - Food Wishes,2020-11-20,212283,9707,563
608,Q-owmUy7vFg,Apple Crumble Coffee Cake - Food Wishes,2020-05-08,641324,25507,1340
609,WzMR7GbgdGM,Fried Mozzarella Puffs - Food Wishes,2020-01-21,794077,30022,1325
610,8ed36I4Xbsk,Blue Cheese Popovers - Food Wishes,2020-12-15,218144,10426,852
611,FduDsBuZeAc,Lomo Saltado - Steak & French Fry Stir Fry - Food Wishes,2020-09-29,252539,11803,823
612,QQtWpLg2SB4,Baked Spinach & Artichoke Toasts - Food Wishes,2020-12-22,161128,7739,370
613,wds55gKLTtg,Antipasto Pasta Salad - Food Wishes,2020-06-30,388317,16219,814
614,FLXma1T5jnI,Lace Cookies (Florentine Cookies) - Food Wishes,2020-12-18,216324,11086,623
615,1e6i7Bwx7oA,Double Chicken Tea - Ultimate Chicken Broth - Food Wishes,2020-01-14,233144,9807,961
616,c2PvBkwXf54,Norwegian Potato Flatbread (Lefse) - Food Wishes,2020-01-10,349626,14819,1525
617,943r4pBX7l0,Garlic Scape Pesto - Food Wishes,2020-06-08,131083,5607,338
618,Y2j1Qja9w3A,Scacce (Stuffed Sicilian Flatbread) - Food Wishes,2020-07-24,305511,14259,569
619,glO2vrGrQxE,Pan Bagnat - Tuna French Sandwich - Food Wishes,2020-08-18,246025,11341,727
620,q9k5A-Ahpgc,Sweet Potato Gnocchi with Bacon Butter - Food Wishes,2020-04-28,225417,8610,457
621,8WiiZR2lfKI,Velvet Steak - Food Wishes,2020-05-01,454955,15362,738
622,RIw5Pi9eDwE,Chef John's Rocky Road - Food Wishes,2020-10-20,200138,11674,586
623,CTf_irkQ9b0,Turkey Chili Mac - Thanksgiving Leftover Special - Food Wishes,2020-11-27,113075,5769,331
624,vdJ8wJlSS4w,Almond Pancakes - Keto Pancakes (Gluten-Free) - Food Wishes,2020-01-07,267562,10287,747
625,bDjpG4fRrHI,Pizza Rustica - Easter Meat & Cheese Pie - Food Wishes,2020-04-10,564308,19270,1137
626,wrDzHUWrlr8,Gingerbread Biscotti - Food Wishes,2020-12-04,137429,6905,509
627,00xFr94PT2g,Frozen Zabaglione - Frozen Italian Custard - Food Wishes,2020-08-25,134053,7457,295
628,GfXNAEXejK0,Pound Cake from the 1700's - Food Wishes,2020-03-03,238364,10167,919
629,apDsAxKMgWY,Mini Meatloaf Ghosts - Halloween Meatloaf - Food Wishes,2020-10-09,163661,11397,790
630,H9ysQq-hf_c,Baked Chicken & Sausage Gumbo - Food Wishes,2020-02-14,224869,8008,506
631,ShvpAZqpEIQ,Tiger Bread (Dutch Crunch Rolls) - Food Wishes,2020-11-03,201756,9411,652
632,4fPYsw8XVm8,Fresh Tomato Soup with Crispy Cheese Toast - Food Wishes,2020-09-11,431130,20294,1031
633,W4Z4eMZ4G8E,Chicken & Broccoli Curry - Food Wishes,2020-06-03,126306,4706,362
634,Sw83XzYPb5g,Firebird Chicken - Food Wishes,2020-08-04,347502,14083,741
635,SxDt-wS593I,Red Curry Chicken & Pumpkin Soup - Food Wishes,2020-11-06,123978,6301,431
636,7GLSWiCFoP8,Strawberry Oatmeal Breakfast Bars - Food Wishes,2020-05-22,259567,13763,716
637,zs8JVYmSFmo,Roasted Roman-Style Romanesco - Food Wishes,2020-09-15,139252,6475,527
638,FmP3LQQiYlA,Super Bowl Chat v2,2020-02-02,67014,1798,267
639,9rt-cgWx1dM,Beef Birria Queso Tacos with Consomé - Food Wishes,2020-10-30,447711,17801,873
640,SS0WBSKa384,Skordalia - Greek Garlic Potato Dip - Food Wishes,2020-08-21,196365,9720,677
641,R7pac8oltMo,Unholy Cannoli - Easy Cheater Cannoli - Food Wishes,2020-01-31,272181,10606,660
642,1S7eihtrtMM,Barbecued Pork Skewers - Food Wishes,2020-07-28,186911,8976,570
643,8PHRq-SRA1s,Bob's Kabobs - Grilled Lamb Kebabs - Food Wishes,2020-06-05,363158,12886,805
644,c-l0ooPGeaA,Stuffed Pasta Wheels - Food Wishes,2020-05-19,289526,12157,665
645,sMwwWOEUzJo,Easy Fun Sized Corn Dogs - Food Wishes,2020-09-18,173377,10404,731
646,Nt6qTGhaync,Deviled Egg Noodle Salad - Food Wishes,2020-08-07,257997,11884,605
647,-Ru_8fhNszY,Banana Bread Pancakes - Food Wishes,2020-10-06,236351,13089,610
648,EOuQoz9cEqQ,Blue Cheese Walnut Chicory Salad - Food Wishes,2020-04-21,91295,4621,334
649,VVsC0qhWICo,Taco Stuffed Zucchini Boats – Food Wishes,2020-09-08,129006,6912,507
650,Ijh7dGlr8VU,Polish Poppy Seed Rolls - Food Wishes,2020-10-13,141879,6838,569
651,eqdjZdwH-c4,Pizzadilla (Grilled Pizza Flatbread Sandwich) - Food Wishes,2020-02-21,562346,22047,1130
652,AO1Lf9EZWMA,Salmon Medallions - Food Wishes,2020-07-10,150782,6791,428
653,KEaG-Ljb8cY,Garlic Rice Roast Chicken - Food Wishes,2020-08-28,296305,13651,770
654,S1Yb3jD8TUs,Lamb Scallopini with Pepper & Onion Agrodolce - Food Wishes,2020-04-07,135458,5578,291
655,LgrAwewqO58,Cherry Chocolate Loaf - Food Wishes,2020-06-23,166191,9358,514
656,1cuulSf0Nks,Easy Crab Tortellini - Crab-Stuffed Pasta - Food Wishes,2020-10-16,187499,9858,448
657,gGHlAdr23lM,Spicy Tuna Rice Bowl - Food Wishes,2020-02-25,381135,15591,811
658,bsYH7SpyILg,Mbejú - Paraguayan Cheese Flatbread (Flourless) - Food Wishes,2020-04-14,188918,7974,614
659,SyZH6JBke48,Bacon-Wrapped Double Dog - Food Wishes,2020-07-03,230472,10465,867
660,-lCZOdN9qFQ,Pulled Pork Pancakes - Pork Stuffed Cornbread Pancakes - Food Wishes,2020-06-12,184813,8553,611
661,j7P5szP95nI,"""Cacio e Pepe"" Taralli (Cheese & Pepper Pretzels) - Food Wishes",2020-01-28,137874,5424,332
662,vhqzdNjW6Bg,Live Chat with Chef John,2020-11-29,16007,498,77
663,jIvlbrFUiPo,Naked Shrimp Dumplings in Dashi - Food Wishes,2020-02-11,163874,6066,474
664,b_1b5Wlmisk,Jelly Doughnut Biscuits - Food Wishes,2020-09-26,205507,10130,676
665,9lQpk4uv49M,"""Plastered"" Pork Tacos - Food Wishes",2020-05-12,201455,7097,379
666,ghZWxBhZsqc,Live Chat with Chef John: Special Holiday Edition,2020-12-13,64321,1612,159
667,u-Ni5_-yi7U,Live Chat with Chef John - Special Pandemic Edition,2020-03-15,78537,2487,362
668,cCFok2MoDN0,Live Chat with Chef John,2020-05-17,67010,1771,232
669,_U6Eb-PoTNo,Chicken Paprikash - Hungarian Chicken Stew - Food Wishes,2021-04-13,616988,23895,1489
670,pknwlNVfias,Beef Tips and Tots - Food Wishes,2021-05-04,301366,14811,912
671,THclPqe7mcc,Blood Orange Marmalade - Food Wishes,2021-01-19,156933,9408,771
672,0lPdBrC3Tyg,Chicken Marsala Milanese - Crispy Cutlets with Mushroom Sauce - Food Wishes,2021-10-12,254544,13159,652
673,9QLJVa7sirA,Chef John's Fresh Garden Tomato Sauce - Food Wishes,2021-09-14,114988,6480,364
674,8N1BXksM-8Y,Japanese Milk Bread - Food Wishes,2021-04-09,276780,13203,709
675,rtmf_4bdDkE,Hot and Sour Soup - Food Wishes,2021-01-26,367167,17159,1220
676,HjmRF5r4pa4,Mom's Scalloped Potato Gratin - Food Wishes,2021-02-09,343629,15532,816
677,i4enETz0CEg,Manhattan Clam Chowder - Better than New England? - Food Wishes,2021-09-24,148344,7007,611
678,aktVv2FsYBs,Chicken Pan Pie - Chicken Pot Pie in a Pan - Food Wishes,2021-10-05,262529,13700,676
679,4IMDrrXsir4,The Best Brownies - Food Wishes,2021-01-05,348440,18355,1548
680,IKg-k65DNXE,Hamburger Hash - Food Wishes,2021-03-12,291888,13333,733
681,AtEoWggY-0U,Everything Onion Dip - Super Bowl Dip Special - Food Wishes,2021-02-05,315456,17275,871
682,840Ls2D1BvI,Creamy Cod & Potato Gratin - Food Wishes,2021-01-15,274023,12499,684
683,5N24eBYv6uA,NEVER Buy Steak Rub or Dry Rub at the Store!,2021-05-18,176947,12831,786
684,k_RiemEdR3I,Chantilly Mashed Potato Casserole - Make-Ahead Mashed Potatoes - Food Wishes,2021-11-12,283542,12555,600
685,4q7EB7YWi1I,Homemade Ricotta Cheese - Easy Make-Your-Own Ricotta - Food Wishes,2021-04-20,218525,13301,1159
686,1fjSRCd5cM4,Crispy Potato Pancake Poppers (No Fry) - Food Wishes,2021-10-22,386038,18342,686
687,vZQDBMMWrSA,Chili Relleno Pancakes - Food Wishes,2021-02-16,312385,12918,947
688,KY6vGU8SK7U,Toad in the Hole - Easy Cold Oven Method - Food Wishes,2021-06-11,501899,18491,1165
689,nD7acxhmiMo,"German ""Tater Tot"" Potato Salad - Food Wishes",2021-07-16,252325,12246,1107
690,HaJRE2Jetj0,Honeycrisp Apple Tart for One - Easy No-Slice Tartlets - Food Wishes,2021-10-01,396050,20311,764
691,Qs8XiriKuJU,Chicken Mushroom Rice Soup - Food Wishes,2021-01-12,172845,9696,627
692,ghX_YTPO914,"Mini Lobster Pot Pie - Easy, Affordable and Fun-Sized - Food Wishes",2021-12-23,126046,6110,257
693,hxOf_zTLYOQ,Bacon Caramel Popcorn Balls - Food Wishes,2021-08-24,114559,6213,378
694,F97gHdbrwTo,Crispy Rolled Breakfast Burrito - Food Wishes,2021-03-30,352106,16017,846
695,FrpHIggqk0M,Mini Croissant-Crust Pecan Pies - Food Wishes,2021-11-09,140903,7529,377
696,FGbXAPbeGP4,The Best Blueberry Bread Pudding - Food Wishes,2021-07-02,219284,10258,452
697,AzfUHDa78UA,How to Braise Beef Short Ribs - Food Wishes,2021-02-19,331996,12529,783
698,sS-mQv6Cx-8,Sausage Stuffed Potato Pancakes - Food Wishes,2021-05-11,196216,9661,632
699,X3dA7bd6wC0,The Farmer’s Frittata - Italian-Style Omelet - Food Wishes,2021-08-20,316137,14103,613
700,jrASoJ6fZyY,That Zucchini Spaghetti Stanley Tucci Loves! (Spaghetti alla Nerano) - Food Wishes,2021-08-13,418105,16806,988
701,4fJ6SqibMZI,Crispy Cider Battered Chicken Fingers - Food Wishes,2021-09-21,146217,7684,336
702,tfnZrw-SJQU,Bialys - New York City Style Bagel-Shaped Polish Buns - Food Wishes,2021-09-03,140540,7114,526
703,vUtdqSXzupM,Honey Garlic Shrimp - Food Wishes,2021-01-08,297479,13244,522
704,xxQoaAHlIdo,Egg Roll in a Bowl - Easy Egg Roll Salad - Food Wishes,2021-04-30,233430,11495,722
705,ee0uUn_jD88,"How to Reheat/Re-Crisp French Fries Fast! No Oven, No Micro, No Air Fryer - Food Wishes",2021-08-10,259517,14096,1063
706,s-mR3VI0lwg,Pasta all'Amatriciana - Is this Italy's Best Pasta Sauce? - Food Wishes,2021-09-17,343831,13801,695
707,ZtbXrPCrXGo,Old Fashioned Pumpkin Butter - How to Make Pumpkin Jam - Food Wishes,2021-10-08,142140,7877,412
708,Dlbfp8l1_9E,Exotic Chicken and Rice Casserole - Food Wishes,2021-02-23,295924,13702,781
709,0pnsU0-kGDA,Buffalo Style Pizza - Party Pizza - Food Wishes,2021-02-02,332208,13506,1229
710,TLotAy_AgNo,Deli-Style Roast Turkey for Sandwiches - Food Wishes,2021-04-27,251668,12326,646
711,Xw14HxWAnOA,Chocolate Puddino - Italian Chocolate Pudding (Budino) - Food Wishes,2021-02-12,282604,16275,841
712,UHxOE431_SI,Feta Cheese French Toast with Spiced Honey Syrup - Food Wishes,2021-11-02,188196,9677,451
713,_GOSp-4U1Qo,Classic Cheese Fondue - Food Wishes,2021-03-05,237559,11261,955
714,zJUve3My3lE,Butterhorn Dinner Rolls - How to Make Butterhorns - Food Wishes,2021-10-29,92720,5539,362
715,cimAbBIZd0g,Japanese Egg Salad Sandwich (Tamago Sando) - Food Wishes,2021-04-06,475935,20643,1362
716,prJTrPRCf9o,Chef John’s Zucchini Bread - Food Wishes,2021-09-07,110515,5440,344
717,bc2rS4iHh9U,Wool Roll Bread - Chocolate Wool Bread - Food Wishes,2021-04-23,292916,14031,625
718,H8kPsKNl7Yk,World Famous Bavarian Pretzels - Oktoberfest Special - Food Wishes,2021-09-28,173364,8197,523
719,hnXIHtUeeig,Potato & Cheese Pierogi - Polish Christmas Dumplings - Food Wishes,2021-12-07,323441,11858,823
720,6MU83uaECwA,Strawberry Dream - Deluxe Strawberries & Cream - Food Wishes,2021-05-07,227500,13146,659
721,jdM_bkikgas,Pumpkin Seed Crusted Pork Tenderloin Roast - Food Wishes,2021-10-26,82183,3874,202
722,lkdxDx0bfa8,Pulled Chicken Sloppy Joes (Sloppy Chickens) - Food Wishes,2021-07-30,156783,8393,478
723,sZw4jKdjr1s,Quick Chicken Couscous - Micropasta Chicken - Food Wishes,2021-06-15,174625,7508,372
724,SyYiFkLAn7c,Italian Sausage Spaghetti - Food Wishes,2021-01-29,413652,14971,926
725,VE650SkYapw,Pfeffernüsse - Best Christmas Cookie Ever! - Food Wishes,2021-12-17,518168,17879,957
726,I3oM6AKq8mg,Jack o’ Lantern Stuffed Peppers - Food Wishes,2021-10-15,125439,5941,340
727,08g36Mvx6Rk,Easy Sweet and Sour Pork Belly - Food Wishes,2021-11-05,158949,6658,239
728,MFFqreG9n3c,Corned Beef & Cabbage Shepherd’s Pie - Food Wishes,2021-03-16,163536,8532,724
729,VeMaLeaRpR4,"""Pancake"" Lasagna for One  - Food Wishes",2021-04-16,250674,14116,881
730,8jVKiLmnpkw,Grilled Volcano Pork - Indonesian-Style Grilled Pork Loin - Food Wishes,2021-05-25,175560,9196,431
731,V4px2rRUNm4,Whole Shrimp Potstickers - Food Wishes,2021-02-26,176204,9073,513
732,H6KVlmeFomg,Savory Summer Cheesecake - Food Wishes,2021-08-03,147985,8680,553
733,RO2LNiuvPS8,Lemon Blueberry Pavlova - Easy Lemon Meringue - Food Wishes,2021-04-02,276795,9458,498
734,GnTzSWWKP1M,Margarita Sorbet - Easy Margarita-Flavored Frozen Dessert - Food Wishes,2021-08-31,96345,5555,263
735,ZSrQ5EIr9No,Stove Top Stuffing - No-Oven Thanksgiving Stuffing/Dressing - Food Wishes,2021-11-23,265412,6632,479
736,h5XMRWtsGgc,Tiny Tacos! Easy Bite-Sized Crispy Tacos - Food Wishes,2021-08-27,216182,12076,877
737,fOdyIfNX4dM,Hummingbird Cake - Food Wishes,2021-05-14,250399,8764,623
738,eapcWikbtm8,Barbecued Roast Beef on a Bun - Food Wishes,2021-07-20,177691,8433,437
739,VQnrYEnFfWs,Greek Chicken & Potato Bowl - Food Wishes,2021-03-23,246929,11680,435
740,lzbrI75cVlQ,Sesame Seared Tuna & Sushi Bar Spinach - Food Wishes,2021-03-09,176073,8037,445
741,Wkq9UsjmUm4,Cheese Twist Christmas Tree - Pull-Apart Cheesy Bread Sticks - Food Wishes,2021-12-14,265368,8010,350
742,3tvHnHlBEo4,Healthy Chocolate Almond Breakfast Donuts - Food Wishes,2021-03-19,177391,9505,627
743,4klBek48SPk,Peppercorn Pork Chops with Warm Pickled Pepper Relish - Food Wishes,2021-01-22,135345,6913,456
744,kxyNxXLw9e0,The Queen's Christmas Pudding - Classic Holiday Dessert - Food Wishes,2021-12-10,287068,8740,881
745,7sh-vzYaEl8,"Grilled ""Chili"" Steak - Food Wishes",2021-05-21,207680,8867,484
746,bb2VXoYpq4M,Lemon Pepper Sweet Potato Crisp - Easy Thanksgiving Casserole - Food Wishes,2021-11-19,298498,5297,237
747,20yNEfFipPQ,"Salsa Baked Salmon ""Nachos"" - Easy Oven-Roast Salmon - Food Wishes",2021-07-09,117521,4926,287
748,1Lv-sa2tdH4,Potato Chip Pizza - Food Wishes,2021-03-02,245713,10619,828
749,QPdcE-Te0Xo,Chicken Salad Summer Rolls - Vietnamese-Style Salad Rolls - Food Wishes,2021-07-23,178873,8401,453
750,utY_jhyDoxk,"""Butter Chicken"" Turkey and Gravy",2021-11-16,184839,7333,496
751,NbDeF1Wb51A,How to Repair a Proboscis Tomato - The Chef John Method - Food Wishes,2021-09-10,146538,8498,1393
752,fWr11yMk0IY,"Chocolate ""I Scream"" Ice Cream Cookie Sandwiches - Food Wishes",2021-10-19,74512,4146,232
753,H0L6k5C76BI,The Perfect Picnic Pasta Salad - Food Wishes,2021-06-08,269681,11746,573
754,HkV-X4Cuq2k,Korean Barbecue Short Ribs Teriyaki-Style - 5-Minute Beef Ribs - Food Wishes,2021-06-22,190237,8480,463
755,7JOTyAVNfAk,"One-Bite Thai ""Flavor Bomb"" Salad Wraps (Miang Kham) - Food Wishes",2021-07-06,188890,9721,655
756,hkb2EHs2ntc,Live Chat with Chef John,2021-01-10,34868,1129,84
757,tIbbtlyyDt4,Banana Bread Mug Cake in a Minute - Food Wishes,2021-07-27,205948,9342,449
758,z7FlZkjTfbw,"Holiday Roast Turkey ""Cordon Bleu"" - Food Wishes",2021-12-21,81032,4094,182
759,Hkt75CYhfM4,Old Fashioned Root Beer Slushy - Easiest Ice Cream Float - Food Wishes,2021-06-18,208438,12335,719
760,zQ9FCFMrduw,Classic Chocolate Ice Cream Sandwich - How to Make a Real One! - Food Wishes,2021-05-28,170784,9348,526
761,0iH3ELYqSa0,Surprise Live Chat! Fourth of July Q&A,2021-06-30,52442,2378,173
762,nyaYGMNgY7I,Malaysian Flatbread (Roti Canai) with Red Lentil Curry Dip - Food Wishes,2021-08-06,218431,7773,540
763,yFRQwusnloA,Russian Tomato Salad Bruschetta - Food Wishes,2021-08-17,121427,6311,436
764,qWlCbHt_e9Y,Cock-a-Leekie Soup - Scottish Chicken Soup - Food Wishes,2022-02-15,225833,11748,783
765,Ff2P84m5DFo,"Chicken Rice-a-Roni® - Inspired by Lebanese ""Riz Bi Sha'rieh"" - Food Wishes",2022-01-18,179514,10611,597
766,YmsCOjlqx4M,Baked Cowboy Dip - Easy and Highly Addictive Party Dip - Food Wishes,2022-02-01,602165,21033,966
767,J1FpdtsFt5o,Clam Chowder Shell Pasta - Food Wishes,2022-03-04,88661,4599,261
768,9HHtb9O6bTI,Red Pozole - Meaty Mexican Bone Broth & Hominy Soup/Stew - Food Wishes,2022-01-11,182169,9052,633
769,igVxkAGrmTQ,Buffalo Chicken Dutch Babies - Food Wishes,2022-02-11,129850,5869,368
770,sCH3tBUZXpg,Creamy Garlic Shrimp Toast - Food Wishes,2022-01-21,181463,9302,467
771,8jcRWa8vuKc,Irish Beer Cheese Puffs with Spring Onion Mascarpone - Food Wishes,2022-03-01,119675,6998,265
772,H41ZBIl9h8I,Raspberry White Chocolate Scones - Food Wishes,2022-02-22,113184,5086,271
773,ElDAcsVTMaI,Karaage (Japanese Fried Chicken) - Food Wishes,2022-01-07,326446,16483,733
774,A49GyBnglCE,Three Cheese Broccoli Manicotti with Secret Sausage Sauce - Food Wishes,2022-02-18,108174,5788,288
775,-C5rVozbVeA,Pepperoni Pizza Cheese Drip Chips - Food Wishes,2022-02-08,222587,12596,796
776,4TX0w8yNUD8,"Chicago Deep Dish Pizza ""Muffins"" - Food Wishes",2022-01-14,222500,11051,479
777,K0osUg9zJAU,Cajun Spice Chicken Wings with Remoulade Dip - Food Wishes,2022-01-25,128680,6469,256
778,0nXOQS-1eK8,Golden Chicken - Easy Braised Chicken Recipe - Food Wishes,2022-02-25,174058,8008,340
779,jPZ2wDmLdss,Heart-Shaped Chocolate Eclair - Easy Valentine's Pastry - Food Wishes,2022-02-04,113541,6448,353
780,slwIpiWVJis,"""Better Than Beef"" Meatless Meatloaf - Food Wishes",2022-01-28,151470,7397,1039
781,TjQEgGd3tgI,Spicy Garlic Potato Noodles - Food Wishes,2022-01-04,257216,10646,442
782,79Dq3Ojg0mA,5 Surprising Slow Cooker Recipes To Make All Winter Long,2022-01-16,132854,4790,238
783,FQNH8MpK-ss,7 Classic St. Patrick's Day Recipes,2022-03-06,108915,3721,213
784,v1kSsqj5Hwc,How to Make the Best Homemade Pizza,2022-02-27,92962,3707,212
785,rs98Es4WH7c,How to Cook a Perfect Steak 8 Ways,2022-01-23,361110,5745,212
786,zUfThhgxkME,5 Healthier Breakfast Ideas to Start the Day Right,2022-01-09,187808,4915,280
787,uBziAfhq2CE,6 Indulgent Chocolate Recipes You’ll Love,2022-02-13,68424,2377,128
788,vHdh95Lk29Y,12 (and a Half!) Delicious Pancake Recipes for the Perfect Breakfast,2022-02-20,214099,4693,222
789,rQ1g5JuyFYo,Chef John's Top 25 Recipes of All Time | 2022 Chef John-a-thon!,2022-01-01,2276943,25388,961
790,xFzox-482JE,6 Romantic Dishes to Make for Your Valentine,2022-01-30,136692,3829,166
791,MBL23KNDmFo,15 Perfect Party Appetizers 🎉 Super-Sized 2022 Chef John-a-thon!,2022-02-06,378716,6036,223
792,phLn93jNbe8,“Minute” Steak and Egg with Red Hot Butter Sauce - Food Wishes,2022-03-08,168314,10184,472
793,HyUiS0grpLQ,Fougasse (French-Style Flatbread) - Food Wishes,2022-03-11,12892,1252,123
